0,800,900,1000,1100,1200,1300,1400,1500,1600,1700,1800,1900,2000,2100,2200,2300,2400,2500,2600,2700,2800,2900,3000,3100,3200,3300,3400,3500,3600,3700,3800,3900,4000,4100,4200,4300,4400,4500,4600,4700,4800,4900,5000,5100,5200,5300,5400,5500,5600,5700,5800,5900,6000,6100,6200,6300,6400,6500,6600,6700,6800,6900,7000,7100,7200,7300,7400,7500,7600,7700,7800,7900,8000,8100,8200,8300,8400,8500,8600,8700,8800,8900,9000,9100,9200
0.005,-0.506036412,-0.476411935,-0.466400447,-0.434376872,-0.427874241,-0.405654579,-0.387790219,-0.366310415,-0.375588152,-0.365834771,-0.32811001,-0.325623127,-0.296879163,-0.242569023,-0.215025832,-0.19952187,-0.203794759,-0.20146465,-0.197634548,-0.178135378,-0.170071962,-0.166193103,-0.162346939,-0.144624468,-0.142449888,-0.132511863,-0.106403683,-0.098068873,-0.083035115,-0.105244161,-0.09481569,-0.109193616,-0.077344856,-0.022620711,-0.029701579,-0.043897075,0.001432645,0.020337999,0.040695462,0.098654751,0.094427878,0.100713707,0.100713707,0.114270525,0.114270525,0.12812143,0.12812143,0.12812143,0.142199058,0.149308854,0.170804258,0.211084487,0.240494863,0.252884006,0.280506685,0.313663421,0.30784354,0.30784354,0.321443261,0.337762393,0.337762393,0.337762393,0.332308749,0.335284643,0.381517568,0.400178949,0.433543232,0.450765048,0.45078051,0.45078051,0.45078051,0.468383242,0.582587953,0.582587953,0.582587953,0.596660455,0.59584897,0.596771965,0.607415586,0.633749835,0.622977406,0.633263585,0.690482299,0.69339218,0.705281708
0.006,-0.328831548,-0.303852834,-0.309724987,-0.246703507,-0.264981804,-0.234604601,-0.22348501,-0.200271916,-0.217680547,-0.206809302,-0.15321898,-0.144683005,-0.103711228,-0.006632668,0.027056845,0.066962578,0.030833901,0.031032906,0.04116968,0.030440473,0.046052493,0.054327538,0.061271286,0.082289955,0.066640939,0.087241957,0.097278632,0.095244363,0.121002104,0.085782544,0.080589106,0.064247147,0.114912359,0.191643816,0.172958383,0.140259212,0.184147574,0.20115452,0.233300772,0.32558554,0.319800004,0.33024358,0.33024358,0.351932261,0.351932261,0.363012247,0.363012247,0.363012247,0.385517837,0.396950261,0.435592292,0.499970378,0.550088662,0.589948552,0.63909088,0.651795096,0.64329121,0.64329121,0.626519143,0.612761828,0.612761828,0.612761828,0.60795558,0.614525965,0.66368885,0.673265804,0.725811186,0.753237792,0.753262854,0.753262854,0.753262854,0.781513544,0.895128265,0.895128265,0.895128265,0.894721659,0.896933352,0.876142097,0.893086787,0.934384851,0.945797893,0.944899306,1.00920125,0.987798571,1.006772908
0.007,-0.155721456,-0.10815007,-0.097942776,-0.052677268,-0.043506455,0.000384969,-0.019378107,0.005533067,-0.027521304,0.012443763,0.079240762,0.090728641,0.144121803,0.230341583,0.301362931,0.334753249,0.281055205,0.238466354,0.246768975,0.243863241,0.271724765,0.287474547,0.299394309,0.303078243,0.284052952,0.306184831,0.328584298,0.344865253,0.390740273,0.338710672,0.333895852,0.314087193,0.355963749,0.470288367,0.441745974,0.383055577,0.481002348,0.43881689,0.480364558,0.641016369,0.631743551,0.650012037,0.650012037,0.688945735,0.688945735,0.709051109,0.709051109,0.709051109,0.750341841,0.726649276,0.797934499,0.912920498,0.984854885,1.063431536,1.111075672,1.146788094,1.132395827,1.132395827,1.108429442,1.093052583,1.093052583,1.093052583,1.089204964,1.104714055,1.203100166,1.22489553,1.33445036,1.393150268,1.393204937,1.393204937,1.393204937,1.454796855,1.523462452,1.523462452,1.523462452,1.522739042,1.532518021,1.453352987,1.488312147,1.522701115,1.496696398,1.363691513,1.476585933,1.444071384,1.47873181
0.008,0.200280238,0.186363492,0.221231097,0.270989487,0.295697826,0.311856501,0.288801294,0.304606818,0.262814124,0.318202772,0.439096944,0.442191531,0.466277372,0.567335667,0.561455497,0.65199255,0.586933597,0.531443156,0.549787367,0.554127876,0.582041318,0.601309675,0.621234884,0.630681747,0.62826124,0.648076237,0.694768324,0.716619001,0.745344982,0.671692836,0.669182679,0.64606656,0.70456427,0.871129441,0.829065619,0.746604917,0.91764021,0.853407813,0.90924756,1.023520763,1.012152041,1.012538757,1.012538757,1.072578192,1.072578192,1.103868872,1.103868872,1.103868872,1.168747165,1.135647199,1.192072925,1.366353079,1.48835398,1.619637696,1.699463151,1.77475893,1.752914027,1.752914027,1.723154786,1.654282235,1.654282235,1.654282235,1.654923881,1.684186787,1.851775182,1.892599314,1.95193285,1.938198071,1.938283739,1.938283739,1.938283739,2.03473627,2.155632804,2.155632804,2.155632804,2.154603825,2.176880909,1.991233682,2.04648515,2.013900034,1.98016741,1.808575108,1.976612962,1.933951232,1.987147578
0.009,0.570727075,0.591716974,0.555584602,0.619009339,0.645139428,0.656555489,0.607243388,0.628838299,0.521089476,0.620457951,0.877613492,0.856820183,0.833078047,0.953165281,0.919061656,1.096392174,0.993670279,0.919418345,0.973832396,0.995491912,1.039481766,1.025914545,1.060077167,1.08104459,1.079023051,1.06475446,1.148262814,1.193704236,1.247549202,1.1368453,1.14001728,1.088047999,1.180734753,1.38503092,1.320012761,1.265757126,1.507590009,1.403449378,1.455352637,1.559862742,1.541524102,1.544899463,1.544899463,1.649750489,1.649750489,1.705316936,1.705316936,1.705316936,1.822591802,1.768502997,1.767278179,2.067587866,2.132938592,2.383385467,2.528524657,2.594808332,2.585008779,2.585008779,2.574418374,2.534934458,2.534934458,2.534934458,2.411737528,2.468934155,2.77892151,2.861403969,2.983762184,2.959641668,2.959810705,2.959810705,2.959810705,3.151877102,3.42068667,3.42068667,3.42068667,3.418736765,3.279675623,2.959942709,3.06753955,3.011616233,2.95408595,2.667020491,2.832316775,2.764307322,2.861618993
0.01,0.932535555,0.937841344,0.848916219,0.931433841,0.970187313,0.916988936,0.868295058,0.779938964,0.604627805,0.70911954,0.977717671,0.946898111,0.915422481,1.048552268,0.972145048,1.159627217,1.023835364,0.94960639,1.02597918,1.056010753,1.10910831,1.096115052,1.136635833,1.147560628,1.156921285,1.144180306,1.184063702,1.22118259,1.285471139,1.21733339,1.231098807,1.183025884,1.294876151,1.543998244,1.470838245,1.367565294,1.669542978,1.552889438,1.623468456,1.540974255,1.525911726,1.532078235,1.532078235,1.615682672,1.615682672,1.637611135,1.637611135,1.637611135,1.681054872,1.663309554,1.728226684,1.879797963,1.941493176,2.171973445,2.305061824,2.353188926,2.344496941,2.344496941,2.337775488,2.236613345,2.236613345,2.236613345,2.204463472,2.222403171,2.345097264,2.365987715,2.470270602,2.452490323,2.452628917,2.452628917,2.452628917,2.608870776,2.838811134,2.838811134,2.838811134,2.838439192,2.811039463,2.618775153,2.718119635,2.672083851,2.624591838,2.38557377,2.55080131,2.493315771,2.586058392
0.011,1.113192188,1.110570188,1.163185865,1.194408607,1.107641522,1.085615827,1.077847843,0.944254356,0.706746401,0.851788719,1.212033544,1.189328707,1.109591649,1.313993712,1.233048295,1.331519104,1.202175323,1.12169667,1.185526372,1.209994866,1.248115075,1.257538478,1.279721448,1.308373832,1.324847488,1.328970911,1.364890171,1.411359775,1.355934935,1.288301183,1.349564781,1.320569326,1.45724425,1.629495783,1.587816779,1.446077355,1.819288435,1.690947382,1.788938122,1.597464253,1.604638495,1.613849382,1.613849382,1.632304498,1.632304498,1.656178374,1.656178374,1.656178374,1.703473547,1.685811087,1.760217056,1.927396938,2.002589139,2.264080365,2.416479262,2.449861201,2.440997287,2.440997287,2.403726134,2.300562998,2.300562998,2.300562998,2.267777199,2.288855228,2.430987107,2.455320772,2.580496946,2.561605693,2.561767665,2.561767665,2.561767665,2.744717265,3.030719539,3.030719539,3.030719539,3.030329653,3.00160808,2.868704598,2.960453662,2.942671625,2.887681485,2.612633428,2.65604428,2.594864675,2.704904843
0.012,1.822639081,1.875170065,1.949461595,2.064288891,1.994160122,2.016233181,1.951312167,1.899568173,1.642010798,1.858801045,2.204990462,2.1883417,2.120379669,2.372014134,2.364510007,2.485017557,2.35287802,2.293224289,2.346770093,2.365677788,2.369592144,2.386078327,2.419544417,2.395650857,2.426942222,2.43841487,2.453715423,2.526971059,2.41873264,2.080366184,2.213757953,2.192657181,2.431430146,2.73383686,2.668484678,2.400063385,3.194139026,2.934736569,3.158955847,2.769396265,2.782778646,2.799098909,2.799098909,2.826696196,2.826696196,2.861581041,2.861581041,2.861581041,2.821063383,2.797295209,2.547686224,2.823683729,2.961501674,3.193989509,3.174043888,3.249360582,3.238721121,3.238721121,3.193984108,3.070156158,3.070156158,3.070156158,3.030802969,3.00452478,3.235581229,3.268753743,3.48216615,3.034199093,2.809070384,2.809070384,2.809070384,3.034875328,3.408567077,3.408567077,3.408567077,3.408147007,3.377201885,3.297808741,3.336332292,3.321909904,3.306647378,3.11757508,3.186965437,3.10705078,3.266020671
0.013,2.583039813,2.733406756,2.964849998,3.231917316,3.136078501,3.254873258,3.282004701,3.170992677,2.917046893,3.061139027,3.439178803,3.319676876,3.201047485,3.637396726,3.626974077,3.88402286,3.556994236,3.297454398,3.491223693,3.522791301,3.531835516,3.558260091,3.606262446,3.574506738,3.627735118,3.650734649,3.679630753,3.789875238,3.598191799,3.013080114,3.279138359,2.934315001,3.30252816,3.776985638,3.664590419,2.88886064,3.650106401,3.341604804,3.638624835,3.173085263,3.191466819,3.213215902,3.213215902,3.245827468,3.245827468,3.286261783,3.286261783,3.286261783,3.242723769,3.217194639,3.218465333,3.251482953,3.437488721,3.746886765,3.722243592,3.845375001,3.833671745,3.833671745,3.784461668,3.648252686,3.648252686,3.648252686,3.604964739,3.576059106,3.895833108,3.936702607,4.24408986,3.636863875,3.637171378,3.637171378,3.637171378,3.637795052,4.177222487,4.177222487,4.177222487,4.176747869,4.141784302,3.903849306,4.099529117,4.055581849,3.970449514,3.552023781,3.648844135,3.555853661,3.75858411
0.014,3.533238661,3.789143729,3.957187192,4.505213083,4.363317228,4.678740052,4.746736015,4.814336005,4.55836164,4.714817058,5.490550236,5.323949519,5.140484094,5.013833379,4.243412123,4.570961045,3.951964805,2.977697685,3.343673467,3.516222908,3.577880875,3.733022181,4.016141427,3.853661192,4.227651539,4.264874955,4.310215348,4.459258195,4.197799514,3.404218846,3.78876906,3.342670137,3.855642976,4.537971909,4.386521136,3.308950223,3.825057585,3.477597713,3.846849518,3.320281922,3.344620242,3.372849285,3.372849285,3.41152483,3.41152483,3.458697684,3.458697684,3.458697684,3.411356628,3.383609296,3.391431414,3.431813074,3.669909735,4.059402174,4.0302863,4.209752632,4.196654821,4.196654821,4.141580892,3.989141306,3.989141306,3.989141306,3.897159556,3.745343572,4.134234313,4.380522117,4.804122012,4.012517973,4.012921278,4.012921278,4.012921278,4.01373929,4.757377323,4.757377323,4.757377323,4.756827274,4.547367296,4.041981585,4.31950842,4.228220287,4.134965818,3.679356709,3.806752871,3.705067248,3.946508569
0.015,3.958438543,4.6793861,4.501267221,4.499435097,4.379879132,4.687882504,4.78647998,4.891210563,4.506555294,4.724639207,5.34687265,5.201064039,5.044867885,4.847937473,4.121132838,4.408701182,4.020038777,3.102616055,3.551897083,3.780682648,3.872864561,4.013920184,4.07900158,4.041459875,4.131909829,4.177428412,4.231830985,4.392625812,4.140040457,3.761136241,3.681159749,3.252253561,3.789252932,4.512820018,4.362725722,3.221864169,3.780725848,3.436732759,3.837628463,3.211016831,3.239843596,3.272809846,3.272809846,3.314901246,3.314901246,3.365521825,3.365521825,3.365521825,3.31795419,3.29008588,3.305413622,3.35417442,3.618688091,4.038473455,4.008973332,4.223128791,4.209710156,4.209710156,4.153287225,3.907512486,3.907512486,3.907512486,3.680417742,3.540126955,3.928181375,4.194832426,4.631321189,4.579713425,3.847909005,3.847909005,3.847909005,3.848737939,4.623923263,4.623923263,4.623923263,4.620869138,4.404653893,3.919179534,4.207499838,4.119073722,4.028709379,3.586732461,3.735363675,3.635726791,3.891462379
0.016,3.966824906,4.542982281,4.468785469,4.519801793,4.424715452,4.62014171,4.743002406,4.874206343,4.253886983,4.422498381,5.82498391,5.688547687,5.343509336,5.256024713,4.448799174,4.839568778,4.334938565,3.864817878,4.377988737,4.304251223,4.329910433,4.379764356,4.452832525,4.355705696,4.495607019,4.554162,4.623254311,4.811745536,4.521682535,4.09774003,4.011327507,3.529762185,4.176377595,5.067636025,4.893127401,3.525568583,3.672925451,3.34743774,3.760749757,3.158670858,3.191020513,3.227628036,3.227628036,3.271791051,3.271791051,3.324256535,3.324256535,3.324256535,3.277905463,3.250761418,3.272774113,3.327562258,3.611844255,4.051215432,4.022145761,4.265325006,4.252065474,4.252065474,4.196311541,3.85483853,3.85483853,3.85483853,3.637907572,3.503533455,3.902790154,4.18155902,4.640810766,4.590340425,4.555254655,4.555254655,4.555254655,3.845611258,4.670340527,4.670340527,4.670340527,4.667315049,4.452981605,3.970679525,4.278880725,4.190316326,4.099772794,3.656367082,3.828483019,3.727574076,4.006098752
0.017,3.475775096,4.113478444,4.192145861,4.148558679,4.086385323,4.309870859,4.514143466,4.540380258,3.932426205,4.128900253,5.445588676,5.323381294,5.005211797,4.780205956,3.76273545,4.438481479,3.617125121,2.940763961,3.119096004,3.10043644,3.199502001,3.392877628,3.694694347,3.535349291,4.059102434,4.219509883,4.204082193,4.401459374,4.140757565,3.750876851,3.668640853,3.100820795,3.772643228,4.65436778,4.49185518,3.217389527,3.377301459,3.077127771,3.491336261,2.781191179,2.758594348,2.796505663,2.796505663,2.96978333,2.96978333,3.103502538,3.103502538,3.103502538,3.005542225,2.902475137,3.060209446,3.124095882,3.421468539,3.868856364,3.840816168,4.105685293,4.092333509,4.092333509,4.036191669,3.423177588,3.423177588,3.423177588,3.238538228,3.123595513,3.488040883,3.744847414,4.168119743,4.124787217,4.094634476,4.094634476,4.094634476,3.455865472,4.225376363,4.225376363,4.225376363,4.222749886,4.036268369,3.613628937,3.903230925,3.825057792,3.745000534,3.350932668,3.530667658,3.439881667,3.707762803
0.018,3.874517126,5.195604691,5.347780769,5.507157511,5.41875393,5.689211314,5.8920992,6.027446184,3.964307595,4.182438885,5.976257573,5.869988968,5.571163754,5.572636431,4.779646432,5.329030491,4.780046905,3.891546942,4.196090272,4.186864244,4.362504232,4.697028329,4.827899523,4.787065064,4.926588935,4.892355983,4.881999111,5.106600141,4.797573394,4.352291193,4.263612737,3.754354554,4.431000294,5.321891315,5.249670873,3.759051191,3.981538796,3.621970795,4.152888252,3.47718186,3.519966301,3.567677581,3.567677581,3.551437749,3.551437749,3.612934136,3.612934136,3.612934136,3.564411814,3.536020365,3.572448118,3.639702738,4.019280167,4.601640013,4.566816671,4.942471943,4.927890659,4.927890659,4.866578997,4.666884208,4.666884208,4.666884208,4.37864879,4.201969245,4.808331485,5.258660918,6.039599423,5.962601133,5.909255763,5.909255763,5.909255763,5.803554197,6.200038282,6.200038282,6.200038282,6.195250951,5.859275231,5.125452879,5.657904401,5.520175368,5.380496189,4.712479216,5.017818456,4.864907963,5.351872212
0.019,4.225791119,5.652681322,4.75821561,5.147217347,5.240106962,4.939178906,5.338942463,5.471523519,4.81230524,4.517145078,5.581025945,5.496094136,5.233593619,5.250948515,5.012684599,4.897788547,4.10575426,3.328474624,3.5973753,3.605044221,3.761978214,4.048816558,4.446161508,4.349949327,4.553372784,4.525128907,4.520928504,4.74841031,4.692895187,4.451398257,4.358915237,3.823553599,4.49164714,4.940619218,4.873169247,3.879534537,4.15175339,3.763217748,3.704526584,3.122696802,3.166764429,3.215646606,3.215646606,3.200500118,3.200500118,3.260927354,3.260927354,3.260927354,3.215667492,3.189196228,3.231215341,3.305236555,3.664734841,4.196904553,4.166747589,4.522974373,4.509344438,4.509344438,4.452033027,4.079680491,4.079680491,4.079680491,3.847463817,3.703872547,4.22410444,4.609785695,5.272143444,5.211111175,5.168739824,5.168739824,5.168739824,5.084570605,5.445297949,5.445297949,5.445297949,5.441471875,5.171587148,4.572569683,5.036139937,4.923018819,4.807835921,4.250477974,4.544293037,4.414692658,4.851669201
0.02,4.048118062,5.580967879,5.090585645,5.463026685,5.46175404,5.207543569,5.513028852,5.566378872,5.119485525,5.228308815,5.507395229,5.441156096,5.207486601,5.098727769,4.880233057,4.78418377,4.28783187,3.957728352,3.922550195,3.94598228,3.813440003,4.213288957,4.295972809,4.259842373,4.409788771,4.387090489,4.384883084,4.509740598,4.457665274,4.07359591,3.991483366,3.533073078,4.224927821,4.726285736,4.663015067,4.330274362,3.917122787,3.572768595,3.5262308,2.999107356,3.044296486,3.094202027,3.094202027,3.080011122,3.080011122,3.13950392,3.13950392,3.13950392,3.097095446,3.072302422,3.11842439,3.195507579,3.549884958,4.061694488,4.034155082,4.389092565,4.376297442,4.376297442,4.322496263,4.085502243,4.085502243,4.085502243,3.860333763,3.720760822,4.255889675,4.657030788,5.350099706,5.289656578,5.247678997,5.247678997,5.247678997,5.164254915,5.568052393,5.568052393,5.568052393,5.564214349,5.293305543,4.690745516,5.185223,5.070464779,4.953569982,4.387286637,4.714189091,4.58122904,5.056433717
0.021,3.184983931,4.229529436,3.933779592,4.112286385,4.126171432,4.046408093,4.202363096,4.416660953,4.265295908,4.419717263,4.706825249,4.657097497,4.45171516,4.358266812,4.157234385,4.077832587,3.169603927,2.630272451,2.622255432,2.645932868,2.769422615,2.981414828,3.274325213,3.193556696,3.75296452,3.735164703,3.738008312,3.86512261,3.690982957,3.362810837,3.290417443,2.783528695,3.510308451,4.103164124,4.043585062,3.676926318,3.339114615,3.055495826,3.025183691,2.446560439,2.446479976,2.493864786,2.493864786,2.450903362,2.450903362,2.648058709,2.648058709,2.648058709,2.51163351,2.436532564,2.617963493,2.790138613,3.117859184,3.574559262,3.551132179,3.876158641,3.86410197,3.86410197,3.78926916,3.203199931,3.203199931,3.203199931,3.04585553,2.947187936,3.342078498,3.633698831,4.125887562,4.08581727,4.057907476,4.057907476,4.057907476,4.002242633,4.300110189,4.300110189,4.300110189,4.297571523,4.117016964,3.705551886,4.063305213,3.984952355,3.904633671,3.508133978,3.775379629,3.680837098,4.034638209
0.022,2.936012227,4.152867668,4.136507563,4.478834305,4.390675046,4.320498183,4.306989165,4.496861969,4.106453302,4.238169526,4.53241463,4.497377725,4.317163623,4.237337635,4.051842114,3.885005704,3.549762834,3.313689286,2.94765012,2.986622653,3.147635402,3.419304433,3.497937499,3.466615131,3.51460296,3.501506191,3.50865573,3.634466852,3.451275559,3.160174998,3.094286388,2.766088096,3.317933418,3.987287378,3.930992889,3.519417127,3.214417789,2.95616491,2.933284947,2.454279428,2.457385138,2.506818669,2.506818669,2.464998054,2.464998054,2.662461631,2.662461631,2.662461631,2.532787184,2.459349574,2.367411192,2.584103522,2.906850386,3.335021742,3.314053039,3.626726355,3.615327549,3.615327549,3.453795977,2.946857779,2.946857779,2.946857779,2.809071775,2.722299609,3.086564576,3.3560915,3.809505331,3.774543151,3.750168443,3.750168443,3.750168443,3.701498119,3.988163063,3.988163063,3.988163063,3.98593563,3.82714482,3.462517338,3.796731893,3.727010614,3.655401823,3.299834401,3.564455227,3.478863574,3.815401562
0.023,2.488753466,3.550350784,3.700776627,4.030894647,3.958153539,3.902812408,3.903173315,4.030506625,3.663913382,3.805281868,4.105918272,4.084037045,3.847842803,3.780215663,3.608633466,3.360895844,2.799950935,2.359412316,2.137363513,2.168352489,2.276138557,2.453264778,2.685028182,2.62503383,2.792953953,2.845191461,2.88432716,3.165867556,3.013604924,2.681621723,2.505787252,2.164371247,2.744480264,3.391687869,3.228152928,2.964208458,2.705193135,2.504158293,2.479683576,2.035237967,2.047051072,2.093065993,2.093065993,2.060947891,2.060947891,2.221550314,2.221550314,2.221550314,2.119634917,2.063056287,1.983777444,2.166827386,2.558345186,2.901875098,2.884939162,3.076356874,3.036206309,3.036206309,2.875691185,2.491373305,2.491373305,2.491373305,2.384707833,2.317038244,2.612945872,2.829961206,3.189602436,3.163446876,3.145179889,3.145179889,3.145179889,3.108626227,3.342657852,3.342657852,3.342657852,3.340995075,3.221909676,2.944302778,3.211866667,3.15882098,3.104121283,2.829197135,3.059558857,2.992761358,3.266889517
0.024,2.199977155,3.16846123,3.469777279,3.673345698,3.536911857,3.587579161,3.600295385,3.723088477,3.377945559,3.41192615,3.718319138,3.708287105,3.493541773,3.436902017,3.234433893,2.978255258,2.453937185,2.082467563,1.892538331,1.925113829,2.025548786,2.128347954,2.326335864,2.28552786,2.506054866,2.537943817,2.59647547,2.830417512,2.700221695,2.341088217,2.195986003,1.910439848,2.393765238,3.030661274,2.891977324,2.632010219,2.415132794,2.24499531,2.149275946,1.775499664,1.792762013,1.838388216,1.838388216,1.810954425,1.810954425,1.953812588,1.953812588,1.953812588,1.866767696,1.818296395,1.744917155,1.914566099,2.267180583,2.573318465,2.558927877,2.737011039,2.702810105,2.702810105,2.565597736,2.233901662,2.233901662,2.233901662,2.141038702,2.081943013,2.351867419,2.550189881,2.878052037,2.855345487,2.839476767,2.839476767,2.839476767,2.807696229,3.02821279,3.02821279,3.02821279,3.026763705,2.922807722,2.679122928,2.925365787,2.87866718,2.830443306,2.586998113,2.810883049,2.751279927,3.007102216
0.025,3.318745445,4.651159905,4.254893445,4.585131681,4.438961084,4.403343484,4.430554922,4.642288905,4.268410913,4.317796612,4.415306949,4.319803405,4.095599991,4.042004981,3.735492589,3.839678092,2.892436963,2.44480955,2.218803729,2.264531103,2.393840779,2.535371683,2.789531384,2.741146153,3.032091803,3.091516352,3.168110598,3.461442978,3.402231472,2.96545149,2.777498797,2.623073422,2.668825815,2.922147394,2.77142221,2.535514675,2.331696146,2.171175837,2.079866158,1.724777167,1.744840407,1.791923084,1.791923084,1.765694729,1.765694729,1.90793763,1.90793763,1.90793763,1.824522955,1.778034232,1.706659501,1.878176958,1.935987562,2.189085667,2.177766008,2.329598898,2.302769561,2.302769561,2.194533299,1.928861731,1.928861731,1.928861731,1.85344488,1.805211181,2.034162144,2.201457563,2.475204882,2.457193958,2.444592357,2.444592357,2.444592357,2.419319055,2.607678226,2.607678226,2.607678226,2.606530864,2.523969709,2.328480451,2.535089365,2.497654507,2.458892864,2.26158498,2.462283965,2.413670308,2.630813478
0.026,3.09223362,4.549225456,4.710774058,4.798216375,4.650576071,4.624208139,4.66723989,4.594502445,4.225730737,4.159751572,4.271004556,4.184442357,3.972377329,3.927444962,3.763456509,3.741107865,2.832759831,2.392025889,2.169484982,2.221533114,2.358709049,2.521023174,2.788271,2.739123119,3.046302783,3.107339784,3.203202099,3.643478995,3.598165324,3.154401605,2.943814461,2.710453419,2.828613267,3.07233101,2.891453122,2.64639863,2.426915471,2.254890278,2.158271419,1.780959528,1.803656101,1.855260832,1.855260832,1.827491765,1.827491765,1.98452096,1.98452096,1.98452096,1.895637061,1.846207964,1.771993301,1.961319837,2.029474906,2.315901849,2.303521154,2.483825585,2.454118884,2.454118884,2.334559457,2.043016503,2.043016503,2.043016503,1.960749257,1.908248014,2.169457684,2.363562726,2.686019211,2.665524277,2.651193948,2.651193948,2.651193948,2.622476491,2.853370172,2.853370172,2.853370172,2.852045721,2.756919926,2.533073425,2.780217659,2.736941079,2.692209754,2.465753827,2.704685354,2.64849256,2.911746022
0.027,3.333510058,4.542317229,5.062412592,5.135188277,4.992072032,4.831392565,4.738081584,4.562669814,4.190551969,4.130825404,4.258874053,4.179105832,3.97380499,3.936467334,3.773831897,3.761459681,2.844583507,2.395123827,2.168902864,2.228931609,2.378560625,2.567636863,2.858599431,2.807098595,3.144296088,3.209956273,3.331134709,3.701178721,3.655012611,3.36248453,3.127011645,2.847415396,3.065004656,3.305693948,3.101060338,2.8362138,2.590569416,2.399438947,2.294253571,1.880314351,1.90555244,1.962776755,1.962776755,1.932509459,1.932509459,2.110892352,2.110892352,2.110892352,2.0132394,1.959096447,1.880668459,2.094631842,2.176930822,2.51199088,2.49793966,2.719298487,2.685057354,2.685057354,2.547721498,2.215976589,2.215976589,2.215976589,2.12316319,2.064113433,2.372149334,2.605805965,3.001842818,2.977408784,2.960340103,2.960340103,2.960340103,2.926174454,3.221950854,3.221950854,3.221950854,3.220341888,3.105095347,2.836322056,3.1460498,3.093433032,3.039186394,2.76670479,3.062241941,2.9940571,3.329372362
0.028,3.248927687,4.604589775,5.158446035,5.107720817,4.977004615,4.828762029,4.748094467,4.585744283,4.23105236,4.180780446,4.318172887,4.24950542,3.894733412,3.866920571,3.714661937,3.712760726,2.930367574,2.470073805,2.238467605,2.307286207,2.471047155,2.6896591,3.007426647,2.953617376,3.324327645,3.395052503,3.516754929,3.692456242,3.648023239,3.49779048,3.379911121,3.076440113,3.267083395,3.521789504,3.412287375,2.989076501,2.752474588,2.549605371,2.453739553,2.05680576,2.083333017,2.145986479,2.145986479,2.112560519,2.112560519,2.302099154,2.302099154,2.302099154,2.208890132,2.148789686,2.066515742,2.273137804,2.231324652,2.59585574,2.581732138,2.884384931,2.875026438,2.875026438,2.835675666,2.481053181,2.481053181,2.481053181,2.374761558,2.30732723,2.675669866,2.960861629,3.454425766,3.424800483,3.404124665,3.404124665,3.404124665,3.362786298,3.747000972,3.747000972,3.747000972,3.745009452,3.602758731,3.274024319,3.669092003,3.603839564,3.536743383,3.202419435,3.572338711,3.487930619,3.923453758
0.029,4.563473506,5.987982694,5.800412044,5.76735213,5.632724592,5.478343138,5.40049038,5.230831669,4.805983813,4.446170081,4.780388131,4.900694516,4.296690588,4.436012876,4.339448145,4.34827029,3.63483171,3.043099978,2.740033675,2.885217433,3.121100053,3.45582105,3.933482702,3.872225395,3.85947859,3.784352751,4.03317451,4.367218899,4.318856365,4.155337437,4.090276438,3.867584741,4.023345946,4.387930706,4.256467329,3.675332294,3.367610537,3.105953462,2.99103598,2.579444841,2.649301668,2.724870174,2.724870174,2.712530639,2.712530639,2.786805148,2.786805148,2.786805148,2.7498978,2.72840343,2.557622774,2.679927257,2.622906602,2.554419387,2.540971532,2.844014965,2.834992708,2.834992708,2.797055745,2.692049711,2.692049711,2.692049711,2.658678228,2.603647719,3.069205274,3.197809975,3.777262628,3.743414996,3.719809888,3.719809888,3.719809888,3.672657985,4.141369651,4.141369651,4.141369651,4.140917912,4.083827995,3.686057591,4.127142672,4.104091376,4.021818461,3.615688178,4.076707333,3.973028277,4.296051337
0.03,4.611638502,6.402244574,6.817062445,6.631092935,6.380422939,6.6276172,7.063987388,6.642926517,5.454768781,5.033120039,5.459657352,6.268028499,4.974075805,5.188629022,4.994112095,5.629805489,4.71078608,3.864291825,3.445206134,3.662166454,4.013216576,4.548099563,4.928681412,4.891184801,4.784689466,4.6578783,4.038424153,5.309565693,5.253505808,5.063961311,4.672286566,4.230534685,5.0196862,5.577401232,5.395049204,4.554718471,4.132000189,3.778356747,3.634213836,3.103777552,3.186752585,3.276399968,3.276399968,3.262423314,3.262423314,3.349391849,3.349391849,3.349391849,3.307583926,3.283245915,3.171620528,3.223211996,3.141098475,3.054329578,3.037105934,3.454164717,3.443869564,3.443869564,3.400580309,3.280759618,3.280759618,3.280759618,3.242679958,3.217252171,3.885966771,3.989028097,4.849813718,4.799971456,4.765296994,4.765296994,4.765296994,4.696242383,5.435377293,5.435377293,5.435377293,5.431800896,5.178842057,4.612517064,5.353307558,5.235778386,5.116047575,4.535832918,5.197203957,5.046733348,5.649032582
0.031,4.576903833,6.41893186,6.843227397,6.686256604,6.450686097,7.220009367,7.150403233,6.963570009,6.51345354,5.114723949,5.585706577,6.4546197,5.145543698,5.405749236,4.840736404,5.867497439,4.482785204,3.731459069,3.352239821,3.561311889,3.565004861,4.033831943,4.656356469,4.616234506,4.598733453,4.465931396,3.893031016,5.153988683,5.100082132,4.55262299,4.218727328,3.846724798,4.517611769,5.318607395,5.151808684,4.389891124,3.998599071,3.669181869,3.533127729,3.032953701,3.116405521,3.206465446,3.206465446,3.193031924,3.193031924,3.279350849,3.279350849,3.279350849,3.23916376,3.215779287,3.108686129,3.162411798,3.088031696,3.005367521,2.988963987,3.404598787,3.394667341,3.394667341,3.352907406,3.237319734,3.237319734,3.237319734,3.20058535,3.176055875,3.836393909,3.939414028,4.791143142,4.743551649,4.710425889,4.710425889,4.710425889,4.644413642,5.20646951,5.20646951,5.20646951,5.20324717,4.97473137,4.458807401,5.158583367,5.051488961,4.942139146,4.408639307,5.052374462,4.913172201,5.615551597
0.032,4.829898576,6.811204488,7.150060858,7.013555927,6.787795664,8.345261225,8.336623174,8.146099558,7.12425674,6.527017397,5.852872562,6.767348302,5.478849602,5.780157163,5.864397013,6.371539812,5.093179009,4.258703378,3.837077154,4.085512316,4.457973773,4.670594305,5.195691319,5.109321403,4.996498839,4.857487467,4.270033898,5.656546041,5.604633518,5.379750426,4.98558638,4.559122054,5.394247021,7.035257358,6.601278018,6.739694028,6.943327088,6.27671283,6.009170921,4.969596044,5.092398911,5.224787719,5.224787719,5.205859382,5.205859382,5.331333376,5.331333376,5.331333376,5.274702871,5.241764213,5.081809118,5.128876213,4.930907593,4.771382557,4.73902976,5.651132548,5.636868446,5.636868446,5.576890471,5.410876936,5.410876936,5.410876936,5.294391619,5.082644957,5.048019827,5.229274249,6.128686734,6.119107782,6.112346169,6.112346169,6.112346169,6.09863512,5.333300038,5.333300038,5.333300038,5.332779109,5.294404036,4.893269388,5.329806807,5.311921591,5.292994519,4.858667028,5.455427927,5.430596997,5.371467681
0.033,4.549406952,6.498037086,6.684051475,6.584686181,6.379890263,7.48237744,7.856048871,7.679864189,6.494380609,5.986052315,5.411447619,6.098453724,4.963862926,5.258001558,5.223116721,5.806427277,4.267904256,3.619817352,3.284729002,3.49216225,3.802410836,3.95670988,4.543001382,4.450365649,4.544098067,4.428140944,3.904594597,5.21659632,5.166535568,4.61773824,4.303273478,3.951140066,4.638797293,6.263730533,5.896985473,6.286571234,6.190237779,5.770449298,5.526317401,4.586572664,4.710040894,4.843019386,4.843019386,4.824764046,4.824764046,4.949488113,4.949488113,4.949488113,4.894865909,4.863108938,4.710467805,4.766408186,4.59592005,4.449667499,4.420098038,5.287735119,5.273913075,5.273913075,5.215793879,5.042070649,5.042070649,5.042070649,4.74890578,4.568488175,4.536186703,4.895065485,5.502388675,5.493497917,5.487222087,5.487222087,5.487222087,5.474496099,4.989041985,4.989041985,4.989041985,4.988537146,4.936554936,4.42087003,4.989827964,4.972495152,4.953205779,4.411477403,5.121067018,4.986253541,4.897898779
0.034,4.640409296,6.549532084,6.746508613,6.670197359,6.477390823,8.045797022,7.763983695,7.520063153,6.251337827,5.658112006,5.152457057,5.943022478,4.648653258,4.943232691,4.821966505,5.472641963,4.342093321,3.664261283,3.316065959,3.518269968,3.855258922,4.017637696,4.452317604,4.34272913,4.284876513,4.184399421,3.70304301,4.980519767,4.932183226,4.768752186,4.532152871,4.145352685,4.943466734,5.964856606,5.626169227,6.069027991,5.914997904,5.501780484,5.273587809,4.397854989,4.521943006,4.655470791,4.655470791,4.637842349,4.637842349,4.761867857,4.761867857,4.761867857,4.70911639,4.678460165,4.531809461,4.593032425,4.439378684,4.301374955,4.273504093,5.124246267,5.110839707,5.110839707,5.054467541,4.816006231,4.816006231,4.816006231,4.54563607,4.37867147,4.347682893,4.752479665,5.278086926,5.269568177,5.263554942,5.263554942,5.263554942,5.251361437,4.845362379,4.845362379,4.845362379,4.844872665,4.743164746,4.262717212,4.850171151,4.833357643,4.781759495,4.273188183,4.983515606,4.847113217,4.763503365
0.035,4.562778896,6.495926121,6.694754555,6.642670636,6.462831609,8.045474885,7.777456537,7.291077266,6.11973514,5.568843474,5.103275156,5.883889622,4.650419696,4.9619062,4.769368944,5.51183077,4.082095607,3.47795854,3.174767013,3.333470752,3.635164164,3.764527467,4.309873674,4.160459428,4.335431584,4.240523727,3.772088672,5.088213162,5.041486016,4.689321953,4.379943897,4.033383002,4.76393199,5.959037691,5.63895336,6.116601493,5.939738464,5.624064537,5.401684567,4.539353849,4.664020606,4.798061305,4.798061305,4.781018241,4.781018241,4.904391456,4.904391456,4.904391456,4.853386829,4.823758448,4.681346792,4.742573668,4.590003468,4.452747636,4.424945033,5.308274896,5.295259568,5.295259568,5.24053247,4.859853702,4.859853702,4.859853702,4.602299902,4.442564829,4.41321791,4.945100301,5.328387893,5.320345549,5.3146686,5.3146686,5.3146686,5.30315701,5.026248077,5.026248077,5.026248077,5.023398534,4.820644097,4.357926217,5.060232157,4.980271392,4.879974316,4.38681223,5.10229373,4.969585272,4.888098722
0.036,4.303322181,6.311158643,6.500186728,6.474012971,6.121538705,7.630432531,7.307175347,6.56334707,5.5321602,5.04907624,4.659144354,5.36942229,4.004985905,4.288961073,4.223089863,4.758189333,3.459874805,2.981531742,2.736670534,2.873308689,3.127445412,3.211247391,3.651554583,3.534890092,3.956882712,3.900008153,3.476921457,4.712836939,4.667744548,4.098323733,3.843916676,3.550178159,4.167675263,5.441235202,5.158913771,5.59150531,5.429855997,5.217812934,5.012450061,4.223634756,4.348843151,4.483363882,4.483363882,4.466868672,4.466868672,4.589631408,4.589631408,4.589631408,4.540261638,4.51159521,4.374972331,4.44284329,4.31113791,4.184087321,4.158427993,5.003325181,4.990678901,4.990678901,4.937503577,4.454022285,4.454022285,4.454022285,4.226701712,4.085173477,4.057303028,4.663501031,4.904315076,4.896698675,4.891322392,4.891322392,4.891322392,4.880420485,4.618177344,4.618177344,4.618177344,4.615661395,4.436319265,4.024624096,4.68528147,4.598141531,4.508788224,4.067286238,4.744072537,4.624650071,4.551205653
0.037,4.047315242,6.010981496,6.183216914,6.184077244,5.848424476,7.300323618,6.840841748,6.779962675,6.048284651,5.620401863,5.135166307,6.072288311,4.028318927,4.36039708,3.539504109,4.050879674,2.960471893,2.573519034,2.372206921,2.491465429,2.709018574,2.761763754,3.125290243,3.031967361,3.443132347,3.574444324,3.159644007,4.141094812,4.080503088,3.59656838,3.384946436,3.133277401,3.66032095,4.976119948,4.725806911,5.118720966,4.970213409,4.840666832,4.650509943,3.927526627,4.053243016,4.188213963,4.188213963,4.172232576,4.172232576,4.294422754,4.294422754,4.294422754,4.246586291,4.218822064,4.087555004,4.161397053,4.048554164,3.930775878,3.907064154,4.715192201,4.702894616,4.702894616,4.651185494,4.089746015,4.089746015,4.089746015,3.888038784,3.762020913,3.735485485,4.340569733,4.522902774,4.515669467,4.510563603,4.510563603,4.510563603,4.500210046,4.251157361,4.251157361,4.251157361,4.248924004,4.089465951,3.721469096,4.329636914,4.25177013,4.17180765,3.774945709,4.41665573,4.308786058,4.242350659
0.038,3.791883141,5.707498474,5.863511661,5.90221667,5.582399571,6.977966681,6.417005937,6.480638627,5.392071344,5.082631142,4.831915238,5.667826749,3.518987545,3.811485303,3.170630021,3.612432369,2.770890332,2.429912152,2.241733395,2.385636676,2.599114212,2.639368931,2.98935974,2.923197699,3.129115878,3.251477496,2.894467434,3.765723722,3.711761273,3.294435422,3.110956511,2.887980695,3.357748657,4.716828629,4.487858782,4.859997923,4.721163717,4.643801641,4.477571499,3.795520491,3.92171427,4.05710831,4.05710831,4.04160979,4.04160979,4.163261904,4.163261904,4.163261904,4.116866376,4.089949997,3.963104232,4.040330785,3.938597499,3.826387567,3.80381941,4.599798821,4.587831218,4.587831218,4.537509612,4.318061405,4.318061405,4.318061405,4.096569986,3.958663812,3.930813228,4.296933922,4.817361823,4.809691469,4.804277101,4.804277101,4.804277101,4.793297967,4.389752729,4.389752729,4.389752729,4.389315423,4.348992801,3.94134647,4.40850013,4.393485961,4.37759718,4.017287588,4.563319726,4.542474813,4.529209867
0.039,3.720222228,5.439898631,5.426091578,5.491130778,5.188045774,6.364050646,5.852659443,6.016242374,4.514008783,4.257809429,4.271031357,4.710651362,3.000855514,3.254777175,2.729821889,3.131888226,2.428928706,2.139510502,1.978335426,2.106153908,2.295777005,2.318723938,2.621299054,2.558763571,2.756200091,2.867766176,2.565338607,3.326052042,3.277961254,2.922714828,2.766288776,2.570933438,2.980879991,4.331180204,4.126158528,4.466406496,4.337722585,4.263829984,4.148880143,3.532081422,3.658724673,3.794517062,3.794517062,3.762806738,3.762806738,3.900618687,3.900618687,3.900618687,3.855579824,3.829461709,3.707257579,3.789422792,3.703447352,3.599049896,3.578123232,4.340326055,4.328671188,4.328671188,4.279664581,3.998618531,3.998618531,3.998618531,3.798997466,3.674347307,3.647612879,4.056194401,4.482231538,4.474881805,4.469693759,4.469693759,4.469693759,4.459173553,4.143592096,4.143592096,4.143592096,4.143166185,4.043308241,3.673379986,4.165370151,4.15074721,4.135272447,3.757950975,4.324168524,4.303866771,4.283520349
0.04,3.711380839,5.332632485,5.318192366,5.40194571,5.110632014,6.156904891,5.681113092,5.851933545,4.780799936,4.525638912,4.316930522,5.096629952,3.373408322,3.714536403,3.08394097,3.515787833,2.693047044,2.359829546,2.175905057,2.328645648,2.555920719,2.58055391,2.944831926,2.878949846,3.111207074,3.140451558,2.826103122,3.853024219,3.796832007,3.359363301,3.167578304,2.935849378,3.460011709,4.497812299,4.286454294,4.661139151,4.529814979,4.352570398,4.189886183,3.57664331,3.703710493,3.839878597,3.839878597,3.825263501,3.825263501,3.945931206,3.945931206,3.945931206,3.90217192,3.876806712,3.757895146,3.840757991,3.757776473,3.655050404,3.634423758,4.411133061,4.399775002,4.399775002,4.352016417,4.219825032,4.219825032,4.219825032,4.177813899,4.149760862,4.00523908,4.135538391,5.242068674,5.233840408,5.219835189,5.219835189,5.219835189,5.147544687,4.230521978,4.230521978,4.230521978,4.230106884,4.199528242,4.121075346,4.110559614,4.096308029,4.053252164,3.671312502,4.273134676,4.253348496,4.193793795
0.041,3.518481382,5.103555653,5.080169386,5.184147023,4.905646543,5.813738382,5.34697004,5.424591624,4.465777766,4.378446503,4.105109039,4.845944069,3.476812526,3.632853613,3.184923056,3.694701132,2.800141047,2.442376426,2.246140055,2.415959405,2.669887387,2.690792135,3.097786263,3.025756452,3.062741049,3.029039898,2.732160429,3.734641306,3.696596294,3.56796202,3.400825644,3.142159937,3.760553646,4.327076068,4.129948634,4.491674589,4.367206121,4.233548354,4.07808226,3.493137658,3.620605351,3.75712841,3.75712841,3.742918419,3.742918419,3.863134711,3.863134711,3.863134711,3.820584305,3.795930403,3.680570109,3.765703118,3.6904125,3.591619174,3.571792927,4.342126505,4.331050512,4.331050512,4.284477962,4.155569415,4.155569415,4.155569415,4.114601585,4.077198332,3.947926246,4.078485342,5.050314487,5.042475851,5.036942696,5.036942696,5.036942696,5.025722687,4.175324973,4.175324973,4.175324973,4.174920158,4.145098843,4.068588954,4.05833366,4.009040846,3.937060802,3.577957224,4.224498342,4.156283781,4.094454822
0.042,3.229923177,4.744840031,4.704278241,4.830023026,4.565398216,5.259991333,4.808022217,4.872990692,4.002411757,3.94684498,3.767473166,4.44901423,3.008188534,3.311672724,2.78891644,3.222047009,2.468759972,2.162608287,1.993180572,2.144661581,2.370988257,2.377649148,2.731461929,2.669898089,2.827210958,2.801965357,2.529537597,3.472622329,3.435730464,3.224491434,3.037861392,2.810727422,3.351203198,4.012497945,3.833263914,4.168769757,4.052052592,3.957830904,3.811982296,3.269066504,3.396913173,3.533772103,3.533772103,3.519945435,3.519945435,3.639734586,3.639734586,3.639734586,3.598328063,3.574347224,3.462817809,3.551821387,3.489025103,3.396488173,3.377976995,4.118633454,4.107825856,4.107825856,4.062381862,3.936597053,3.936597053,3.936597053,3.896621963,3.787708888,3.73970632,3.870512947,4.698022988,4.69053875,4.685255758,4.685255758,4.685255758,4.674543025,3.963189523,3.963189523,3.963189523,3.962794492,3.933693898,3.853464755,3.805443935,3.741859616,3.676378595,3.348581688,3.996758777,3.904902579,3.848186686
0.043,3.028793773,4.504385966,4.461583236,4.605711585,4.352771588,4.872010115,4.468476807,4.529915815,3.696670557,3.48274536,3.576642021,4.115442111,2.722103926,3.039906448,2.545759867,2.939041571,2.279021817,2.006718528,1.854793004,1.995273334,2.204616671,2.202318229,2.52246912,2.467841323,2.699711447,2.69799536,2.440341228,3.355812408,3.320005844,3.00269538,2.836674674,2.630958761,3.123471979,3.860709358,3.692879752,4.017083061,3.906019503,3.839944706,3.704799891,3.186414734,3.314620536,3.451797751,3.451797751,3.438334337,3.438334337,3.557718711,3.557718711,3.557718711,3.517396179,3.494053162,3.38569516,3.4766911,3.420704921,3.331677998,3.313882632,4.047190242,4.03663834,4.03663834,3.9922695,3.869460619,3.869460619,3.869460619,3.830431296,3.722858391,3.678860281,3.809903032,4.625132118,4.617825198,4.612667373,4.612667373,4.612667373,4.602208449,3.904141075,3.904141075,3.904141075,3.903755366,3.875341478,3.802442498,3.759417583,3.697752248,3.634211487,3.31557778,3.965506887,3.877780539,3.822350991
0.044,2.859971465,4.309486388,4.261196849,4.422135421,4.179877818,4.761125767,4.424883502,4.522771972,3.754313019,3.544995718,3.412800337,4.033222633,2.780402553,3.044871921,2.2403176,2.590472151,2.02189995,1.784819955,1.651670292,1.778560586,1.967631048,1.957446868,2.240776561,2.193144778,2.409284562,2.496291625,2.258983141,3.070725849,3.024716677,2.695549228,2.551018888,2.367453997,2.804871352,3.588730845,3.435183924,3.737086873,3.632378235,3.568651925,3.466884658,2.984041981,3.112588592,3.250067853,3.250067853,3.236949158,3.236949158,3.355949408,3.355949408,3.355949408,3.316655558,3.29391782,3.188949799,3.283229929,3.237937293,3.154302933,3.137640908,3.84351372,3.833205694,3.833205694,3.789862311,3.669891799,3.669891799,3.669891799,3.59929509,3.486101937,3.460770638,3.619948489,4.34216533,4.335125943,4.330156964,4.330156964,4.330156964,4.320080979,3.710737918,3.710737918,3.710737918,3.710361101,3.682602257,3.577893117,3.535003318,3.478142914,3.419502771,3.124669372,3.753944114,3.670582236,3.619039149
0.045,3.043494636,4.588750081,4.437613043,4.447796409,4.213360545,5.352664245,5.189800776,4.988690503,4.645849231,4.358000644,4.108972947,4.824211105,3.671214841,3.570803839,2.782966958,3.302256451,2.513564336,2.195398739,1.715621572,1.86845219,2.133073217,2.058579102,2.373253946,2.352933496,2.650539129,2.81566145,2.505666455,3.185329957,3.137724366,2.79251335,2.640989056,2.45012443,2.923215598,3.335920403,3.195111668,3.476472175,3.377521297,3.315982259,3.226332827,2.79173797,2.920608434,3.058374712,3.058374712,3.027032717,3.027032717,3.164218823,3.164218823,3.164218823,3.125902476,3.103739902,3.001962939,3.099255444,3.063820393,2.985176495,2.969562996,3.649039296,3.638964128,3.638964128,3.596599871,3.479339491,3.479339491,3.479339491,3.369252314,3.265356801,3.240882051,3.438361763,4.079187561,4.072396808,4.067603336,4.067603336,4.067603336,4.057883239,3.526051117,3.526051117,3.526051117,3.525682791,3.498549469,3.364395985,3.324801184,3.272272491,3.218055919,2.944788827,3.552704518,3.475135333,3.427134603
0.046,2.896037262,4.42939811,4.281543387,4.30717636,4.08208308,5.212629881,5.05499233,4.864482675,4.356227681,4.18571789,3.967970331,4.727773095,3.326953919,3.419501363,2.980733831,3.694131252,2.790409411,2.430189047,2.224768928,2.448667453,2.362698085,2.286980842,2.65310094,2.631573098,2.511015765,2.66789857,2.386826901,3.039558515,2.995175017,2.678137026,2.538493541,2.360567386,2.807140997,3.10032066,2.970914872,3.233293891,3.139578673,3.080081743,2.994882652,2.608769508,2.737948103,2.875987466,2.875987466,2.829331245,2.829331245,2.981795949,2.981795949,2.981795949,2.944409651,2.922794319,2.824026122,2.92408655,2.897754238,2.823736369,2.809094494,3.46315712,3.453304523,3.453304523,3.411876132,3.297206145,3.297206145,3.297206145,3.154612255,3.05905189,3.035377659,3.264601844,3.834153008,3.827593926,3.822963985,3.822963985,3.822963985,3.813575494,3.34950441,3.34950441,3.34950441,3.349144201,3.322608832,3.164120881,3.12750254,3.078890812,3.028679029,2.77500743,3.362750619,3.290467667,3.2457035
0.047,2.926905185,4.506572801,4.370105671,4.159017545,3.942954876,5.043930869,4.896870131,4.71095446,4.329667417,3.618208492,3.664192414,4.431049532,2.89084677,3.122578015,2.678720374,3.275463709,2.497278275,2.182737563,2.001964086,2.203533061,2.120042013,2.058263448,2.38706843,2.36672517,2.255559177,2.399446347,2.152941727,2.759736886,2.718709669,2.436124786,2.311763742,2.149857119,2.555116365,2.880231978,2.76106922,3.00585879,2.916920596,2.859334596,2.778208803,2.434472903,2.549753407,2.687287414,2.687287414,2.643150161,2.643150161,2.808019074,2.808019074,2.808019074,2.771518744,2.750424718,2.654497848,2.757105829,2.739193074,2.669470217,2.655730087,3.285310068,3.275670419,3.275670419,3.23513744,3.093525851,3.093525851,3.093525851,2.953878071,2.865815154,2.842890732,3.098173379,3.605285832,3.598943133,3.594465934,3.594465934,3.594465934,3.585387169,3.180571239,3.180571239,3.180571239,3.180218797,3.154255593,2.975876423,2.941954625,2.896894922,2.85031887,2.614497899,3.183158943,3.115711427,3.073911212
0.048,2.6979738,4.212913568,4.081065036,3.888202727,3.682111295,4.71915655,4.579516079,4.400735125,3.968336678,3.068377193,3.340990108,3.964648956,2.524363556,2.84966215,2.364858209,2.913255892,2.23732392,1.960938571,1.801009135,1.983287006,1.90283451,1.852042135,2.148786125,2.12265181,2.027877158,2.160391922,1.942906423,2.508274358,2.470168617,2.216978846,2.10572941,1.957747326,2.326901241,2.674171383,2.564239493,2.792686003,2.708120161,2.652326161,2.574940019,2.268245917,2.371307584,2.508313112,2.508313112,2.467511005,2.467511005,2.642287756,2.642287756,2.642287756,2.606632376,2.58603552,2.492795847,2.597752266,2.587639387,2.521910243,2.509008236,3.11498816,3.10555245,3.10555245,3.065876996,2.894427855,2.894427855,2.894427855,2.765740786,2.684443026,2.662222376,2.938621949,3.391037048,3.384896913,3.380562699,3.380562699,3.380562699,3.371773878,3.018769499,3.018769499,3.018769499,3.018424497,2.993009305,2.798610188,2.767138019,2.725308029,2.68204129,2.462520909,3.013104095,2.950089522,2.9110095
0.049,2.603448796,4.102388031,3.969645677,3.794145263,3.595765895,4.616207671,4.484762293,4.312832204,3.790728728,2.930127175,3.258475511,3.871316273,2.466748126,2.512104235,2.091860367,2.596808364,2.00521556,1.760999679,1.618840166,1.778435793,1.701769853,1.659823381,1.927313567,1.887020773,1.823673564,1.946157014,1.753249918,2.281067688,2.245524523,2.017604647,1.917680655,1.781879182,2.119273781,2.480839108,2.379251126,2.592474746,2.511922718,2.457812553,2.383869622,2.10918244,2.202800305,2.339306788,2.339306788,2.301543072,2.301543072,2.484055894,2.484055894,2.484055894,2.449207229,2.429085046,2.338390395,2.445514952,2.442638685,2.380628458,2.36850653,2.951723681,2.942483459,2.942483459,2.903629998,2.70784494,2.70784494,2.70784494,2.589050711,2.513875334,2.459195374,2.785529931,3.190049425,3.184099315,3.179899237,3.179899237,3.179899237,3.171382412,2.861765466,2.861765466,2.861765466,2.860461989,2.766800496,2.546071175,2.518435661,2.481662546,2.443575292,2.249529625,2.757823048,2.702187537,2.66763285
0.05,2.381028691,3.814375803,3.671901951,3.516953404,3.327863909,4.281457355,4.136234959,4.026507693,3.218384705,2.526779406,2.86317245,3.382471311,2.17509311,2.219980564,1.852233932,2.317964531,1.796706408,1.579840926,1.452940541,1.589041987,1.516629748,1.48172499,1.722795027,1.678411178,1.639494838,1.753067093,1.58114354,2.074768805,2.041488976,1.835441922,1.745360919,1.620276531,1.929568351,2.299091146,2.20506675,2.404077748,2.327220637,2.274695651,2.203931541,1.8741606,1.968430495,2.099472534,2.099472534,2.066602,2.066602,2.332825717,2.332825717,2.332825717,2.298748071,2.259029275,2.169887394,2.271849635,2.303774948,2.245232535,2.233837635,2.795086888,2.786034219,2.786034219,2.747969382,2.462574329,2.462574329,2.462574329,2.357801582,2.291299969,2.225547928,2.638512846,3.001128702,2.995357208,2.991283212,2.991283212,2.991283212,2.983022053,2.599637281,2.599637281,2.599637281,2.598496619,2.516410678,2.321992395,2.29755471,2.265003384,2.231248524,2.058636511,2.530460281,2.48101656,2.450267073
0.051,2.161655732,3.528929022,3.380666775,3.272164429,3.091676274,3.993861382,3.714923154,3.403953124,2.75593653,2.189404838,2.523963329,2.969714274,1.921367787,1.964696576,1.640212349,2.07039759,1.606626121,1.408327633,1.295432401,1.418259818,1.35009322,1.316158732,1.533194494,1.492426983,1.472533101,1.578138868,1.424258979,1.886618717,1.855350451,1.668354156,1.586875981,1.471271314,1.75556046,2.1279166,2.040766732,2.226479259,2.15303239,2.10200235,2.030948592,1.659779427,1.75390728,1.879568198,1.879568198,1.850945771,1.850945771,2.183104071,2.183104071,2.183104071,2.08063227,2.024460723,1.941802047,2.042673742,2.170666642,2.115362168,2.10464572,2.644682237,2.635809658,2.635809658,2.554519072,2.226933339,2.226933339,2.226933339,2.135108957,2.076648607,2.018711217,2.404063735,2.82321984,2.817616551,2.813661288,2.813661288,2.813661288,2.805640894,2.36774458,2.36774458,2.36774458,2.36673893,2.294272275,2.121873242,2.100126943,2.071133988,2.041036936,1.886616505,2.326732824,2.28253175,2.255010218
0.052,2.081866274,3.402900511,3.119900312,3.025824073,2.853624132,3.465259514,3.236215015,2.894999548,2.374505073,1.903040875,2.229465686,2.601434059,1.698624783,1.739696851,1.451285311,1.849124673,1.427565419,1.251737253,1.151013683,1.263474335,1.199490374,1.165577028,1.361628072,1.325576668,1.32048199,1.418925048,1.280662332,1.714323416,1.684853121,1.5145444,1.440624037,1.333445775,1.595379135,1.966418867,1.885532931,2.058776722,1.988485099,1.878518516,1.79261613,1.47126275,1.558434581,1.685838826,1.685838826,1.660718391,1.660718391,1.9566732,1.9566732,1.9566732,1.86734342,1.818241453,1.741197531,1.840799394,2.042963216,1.990685869,1.980603321,2.45237838,2.423167448,2.423167448,2.305564032,2.01852662,2.01852662,2.01852662,1.937462893,1.885714086,1.834320897,2.182044371,2.655387311,2.649942701,2.646099447,2.646099447,2.646099447,2.638306181,2.161141295,2.161141295,2.161141295,2.160248797,2.095859224,1.942065911,1.922605278,1.896638239,1.869656405,1.730802545,2.14313729,2.103412907,2.078652383
0.053,2.180845029,3.55614025,3.288144916,3.227747753,3.071115595,3.990023929,3.93616282,3.789111499,3.559452318,2.922432368,3.164568647,3.648330486,2.237950181,2.204119948,1.926265774,2.579121418,1.921349992,1.666146015,1.523618727,1.689061614,1.594139456,1.546816269,1.833466531,1.780870188,1.774843671,1.92538263,1.722155218,1.882268406,1.849876078,1.656796247,1.572970287,1.454060875,1.76092687,2.244101308,2.146252362,2.377296398,2.200279495,2.03678146,1.942320591,1.585478089,1.667997654,1.834471257,1.834471257,1.806278383,1.806278383,2.052107235,2.052107235,2.052107235,2.020150682,1.990090423,1.907114082,2.014226842,2.050124171,1.998766107,1.988853866,2.511766435,2.503233363,2.503233363,2.467353339,2.235768028,2.235768028,2.235768028,2.142135204,2.08257181,2.023578281,2.377928168,3.124099922,3.117855423,3.113447542,3.113447542,3.113447542,3.086716875,2.423700561,2.423700561,2.423700561,2.422646013,2.34670794,2.166463114,2.143768329,2.113525137,2.082147531,1.921433465,2.401985141,2.355214694,2.326115445
0.054,2.013113553,3.370261583,3.104628861,3.141776262,2.991160244,3.894108987,3.889945315,3.748551029,3.525952245,3.064574657,3.425224351,3.628020683,2.375359451,2.169560565,1.918475259,2.800644888,2.167781756,1.864784842,1.697949809,1.89638323,1.78094259,1.722919819,2.066599715,2.004050511,2.008606905,2.195339711,1.951717712,2.15635644,2.119278682,1.887801971,1.787327916,1.649297553,2.030781808,2.568939295,2.450819195,2.403591408,2.216834966,2.056150066,1.974040776,1.700913598,1.832106301,1.971930688,1.971930688,1.959727761,1.959727761,2.077506297,2.077506297,2.077506297,2.046199291,2.028161027,1.947673532,2.060786443,2.079067846,2.028278612,2.018460664,2.548576531,2.540203652,2.540203652,2.504997211,2.407549009,2.407549009,2.407549009,2.360027047,2.292414131,2.225606379,2.214675427,2.94081426,2.928268362,2.911552443,2.911552443,2.911552443,2.878089257,2.216228444,2.216228444,2.216228444,2.215290955,2.147700797,1.986623459,1.966277261,1.939141195,1.91095992,1.766179124,2.216443713,2.174348727,2.148129951
0.055,1.844103825,3.157653431,2.886136905,2.933679089,2.793280371,3.646511487,3.528995123,3.510367246,3.289098514,2.756669409,3.144118783,3.38694255,2.176169963,1.99219506,1.754534154,2.592260609,1.927328991,1.662103577,1.514798656,1.689435259,1.58785884,1.531622891,1.83802019,1.783446311,1.806193531,1.979016421,1.761136025,1.959833781,1.925009459,1.71507049,1.6242196,1.49665263,1.846568465,2.386911706,2.276948112,2.236694317,2.062822334,1.913162564,1.834679064,1.545711536,1.634152712,1.798060216,1.798060216,1.770484384,1.770484384,1.954159637,1.954159637,1.954159637,1.923476299,1.905805002,1.827219992,1.941774777,1.964984429,1.916772511,1.907493907,2.419072357,2.410853767,2.410853767,2.376296084,2.249724802,2.249724802,2.249724802,2.15511318,2.094945075,2.035366365,2.018104412,2.680321962,2.659411756,2.644794097,2.644794097,2.644794097,2.615508353,2.029893273,2.029893273,2.029893273,2.029055075,1.968557775,1.823859711,1.805529705,1.781064201,1.755633983,1.624626229,2.048129599,2.010066258,1.986335185
0.056,1.796586319,3.105056757,2.839233313,2.894787394,2.759746388,3.608492772,3.612106381,3.31365007,3.025596579,2.501656064,2.808066869,3.14225294,2.267087635,2.130621728,1.876276899,2.415919225,1.746027587,1.509697137,1.37741817,1.534124567,1.443178783,1.391182165,1.670115414,1.621451539,1.657592673,1.819106682,1.621752306,1.779774432,1.746964161,1.555902631,1.473516135,1.355261668,1.676964157,2.19006661,2.065239581,2.077666075,1.915704936,1.776270556,1.653654129,1.355894146,1.445071832,1.625581736,1.625581736,1.601063263,1.601063263,1.835631374,1.835631374,1.835631374,1.80554734,1.777260386,1.699816043,1.810553842,1.855185444,1.809395717,1.800623654,2.294254639,2.286184756,2.286184756,2.252252354,2.055399478,2.055399478,2.055399478,1.970949206,1.917109671,1.863694896,1.841737386,2.440132217,2.421719482,2.408840482,2.408840482,2.408840482,2.383020099,1.861621513,1.861621513,1.861621513,1.860868227,1.806446114,1.675850044,1.659263143,1.637108989,1.614062797,1.49503767,1.894749938,1.860186469,1.838618037
0.057,2.101193283,3.360678819,3.11211127,3.200500321,2.955446504,3.870177029,3.877479077,3.479604998,3.17709608,2.650511384,3.253185264,3.351684613,2.566453761,2.355234517,2.098767908,2.716890603,2.183001321,1.98106596,1.814722047,2.028044461,1.905695131,1.839555554,2.221947733,2.157816707,2.156350677,2.177872585,1.965299586,2.207345572,2.178119996,2.079305184,1.986027852,1.833293955,2.301668367,2.514047518,2.405721938,2.663920537,2.467554641,2.286144049,2.196999104,1.894731764,2.037696214,2.192799232,2.192799232,2.158456279,2.158456279,2.312658724,2.312658724,2.312658724,2.280003838,2.26121331,2.17665543,2.300561183,2.318595063,2.262136357,2.251131923,2.898970956,2.890085544,2.890085544,2.852723994,2.749310647,2.749310647,2.749310647,2.70159907,2.622533809,2.544605926,2.515249385,2.429732165,2.412380735,2.400237994,2.400237994,2.400237994,2.375878605,1.879633773,1.879633773,1.879633773,1.87891078,1.826630616,1.700798443,1.684778475,1.6633681,1.641079308,1.525700089,1.91942626,1.886031996,1.865175996
0.058,2.071235159,3.331920778,3.086324085,2.979515668,2.743196388,3.603374471,3.616509388,3.185249408,2.870872042,2.40189938,3.000137702,3.098790628,2.391617095,2.199289394,1.953930264,2.522018917,2.018195048,1.787725563,1.631299527,1.82517749,1.716777163,1.656909669,2.003899494,1.944784871,2.014079418,2.040015189,1.840131323,2.072721107,2.044004323,1.920536056,1.817200491,1.675873981,2.106337078,2.353577052,2.252045138,2.512202319,2.316841145,2.146624116,2.06106143,1.730568072,1.845832532,1.995490215,1.995490215,1.965005609,1.965005609,2.193353719,2.193353719,2.193353719,2.161265937,2.142809713,2.060023177,2.185601759,2.208726163,2.154820521,2.14435213,2.773165334,2.764419171,2.764419171,2.727643137,2.59289862,2.59289862,2.59289862,2.481678824,2.411168011,2.341515136,2.307107588,2.230852591,2.21535624,2.204506837,2.204506837,2.204506837,2.182729897,1.735550265,1.735550265,1.735550265,1.734893788,1.687384818,1.572722963,1.558093244,1.53852964,1.518149681,1.412427574,1.78638924,1.755801259,1.736683414
0.059,1.909939052,3.132872545,2.882093376,2.786996593,2.570914002,3.38737281,3.40748579,2.881166883,2.596116175,2.176283148,2.755423245,2.864468869,2.225230072,2.050383777,1.815409989,2.331066395,1.853720331,1.604647425,1.465525672,1.642512423,1.545984821,1.491523205,1.805556902,1.753113514,1.833575304,1.907588513,1.719588931,1.942703819,1.914478414,1.754955965,1.66101066,1.529856353,1.92641059,2.200466567,2.105231232,2.354873507,2.153947915,1.996377639,1.904988294,1.559361847,1.673746904,1.818520577,1.818520577,1.791303665,1.791303665,2.078121829,2.078121829,2.078121829,2.046581792,2.006348874,1.924815031,2.045441324,2.102456641,2.050969208,2.041008301,2.651242032,2.642630821,2.642630821,2.606422235,2.383338762,2.383338762,2.383338762,2.283871385,2.22064569,2.158062628,2.120075569,2.051701398,2.037786994,2.028041212,2.028041212,2.028041212,2.008469655,1.603661087,1.603661087,1.603661087,1.603062695,1.559725049,1.45486754,1.441461926,1.423525748,1.40482954,1.307651833,1.663770001,1.635660937,1.618080164
0.06,1.765158671,2.951826462,2.696876933,2.617620278,2.406570762,3.181275146,3.170037446,2.600357562,2.348214934,1.970613177,2.529190608,2.646745916,2.066694604,1.908051531,1.682802586,2.151371932,1.660234333,1.43927874,1.314970206,1.477174764,1.390828936,1.341060101,1.626495673,1.579743326,1.666434272,1.780277851,1.603420622,1.817061183,1.789310624,1.601720043,1.516090582,1.394045518,1.760135686,2.054221067,1.964830537,2.107678801,1.932690707,1.794525377,1.711776502,1.405163389,1.518531032,1.658899481,1.658899481,1.634473189,1.634473189,1.966757969,1.966757969,1.966757969,1.881621976,1.832553699,1.755634551,1.874667093,1.999612472,1.950417313,1.940937217,2.53302407,2.52454371,2.52454371,2.488885327,2.19441911,2.19441911,2.19441911,2.105001262,2.048028558,1.991531322,1.951096884,1.889481792,1.876926905,1.86813012,1.86813012,1.86813012,1.850456319,1.482481012,1.482481012,1.482481012,1.481933629,1.442263034,1.346055812,1.333733363,1.317238337,1.300034497,1.21045139,1.550390964,1.524482041,1.508266865
0.061,1.750061351,2.999068443,2.750521227,2.675759693,2.467658157,3.26323159,3.173960844,2.590446884,2.357945038,1.99542968,2.52671241,2.69547245,2.145359413,1.989287281,1.766124209,2.239094034,1.702985376,1.488836429,1.367568694,1.529761901,1.445442872,1.397069542,1.680384465,1.634846891,1.7317171,1.887898644,1.707773809,1.907511867,1.874817305,1.679007453,1.593961399,1.473688322,1.845843039,2.17639813,2.082969248,2.150605262,1.983212659,1.850245853,1.770964568,1.472484834,1.58214621,1.718521106,1.718521106,1.69470604,1.69470604,2.027273187,2.027273187,2.027273187,1.940454865,1.892798842,1.819369471,1.934466875,2.12586655,2.075658966,2.065930494,2.686699272,2.678345845,2.678345845,2.569918561,2.26161259,2.26161259,2.26161259,2.174484521,2.118851091,2.063589699,2.01997262,1.959764622,1.947482237,1.938873513,1.938873513,1.938873513,1.921570399,1.559129421,1.559129421,1.559129421,1.558587148,1.519262032,1.423688555,1.41142635,1.395004512,1.377867909,1.288484514,1.629662205,1.603908484,1.587780769
0.062,2.311209124,3.058050846,2.817242045,2.748177267,2.548377132,3.37021387,3.413444568,3.194509853,2.997931731,2.528012948,2.715643192,3.084172902,2.390011197,2.275519974,2.015773193,2.502267607,1.897044928,1.64929746,1.510499051,1.701085996,1.60387954,1.549351353,1.883393505,1.830035712,1.87043407,1.904636579,1.726684496,1.954689598,1.92784236,1.83706896,1.800951991,1.671272927,2.103295646,2.45429882,2.36630522,2.374312278,2.19793568,2.045450935,1.967159933,1.653557047,1.772381843,1.922710785,1.922710785,1.559098673,1.559098673,1.864755344,1.864755344,1.864755344,1.786405355,1.743324882,1.673653676,1.787310101,2.029386077,1.977118042,1.967865264,2.518764208,2.49066945,2.49066945,2.377285839,2.098691903,2.098691903,2.098691903,2.019532094,1.968887217,1.918504129,1.873637512,1.818820437,1.807625968,1.799777374,1.799777374,1.799777374,1.783996116,1.451590935,1.451590935,1.451590935,1.451090951,1.414811429,1.326464912,1.315111962,1.299901406,1.28402097,1.201059677,1.528239315,1.50433824,1.489362348
0.063,3.093584947,4.331755865,4.188687941,4.095108758,3.800439576,3.705254937,4.313870233,3.52819603,3.130085344,2.629532825,2.866289723,3.247220615,2.48764873,2.451003451,2.19048448,2.7092363,2.017520503,1.771266426,1.632382304,1.827620053,1.730279109,1.676286173,2.016083201,1.962805681,2.057964663,2.090050763,1.90448194,2.151258206,2.124840928,2.03552127,1.971820785,1.832050068,2.312835294,2.837015639,2.716212441,3.139612653,3.043207924,2.981508401,2.877439239,2.525456468,2.671748978,2.876099783,2.876099783,2.822378925,2.822378925,2.774189271,2.774189271,2.774189271,2.638533978,2.564991983,2.470950484,2.611329861,3.055558262,2.948194031,2.93184944,3.396251011,3.353733438,3.353733438,3.183602333,2.775263356,2.775263356,2.775263356,2.661680664,2.589566204,2.569295423,2.50228976,2.479161642,2.474327486,2.470915141,2.470915141,2.470915141,2.463995663,2.080889264,2.080889264,2.080889264,2.080095995,2.022761114,1.884980433,1.867461301,1.844055077,1.819697972,1.693765449,2.17230991,2.134633762,2.111120489
0.064,3.008737108,4.242529286,4.155156748,4.054333578,3.764951023,3.625201206,4.243718365,3.386013695,3.034937138,2.502201887,2.746850167,3.194109023,2.399265323,2.438430563,2.184950064,2.636146345,1.973085592,1.741064061,1.609410181,1.798774915,1.706436988,1.654985998,1.982241792,1.931851412,2.079197774,2.112162921,1.928481145,2.179151925,2.153151052,2.064552481,1.964873088,1.829903249,2.301075732,2.861681918,2.742742299,3.170999959,3.076385899,3.015996088,2.921056507,2.591319946,2.738480451,2.944497574,2.944497574,2.890356952,2.890356952,2.841778242,2.841778242,2.841778242,2.704964166,2.630786217,2.546564221,2.72417829,3.229875938,3.141123817,3.123472284,3.425559092,3.383785212,3.383785212,3.216433832,2.813481753,2.813481753,2.813481753,2.701073783,2.629631802,2.609763793,2.537115958,2.514498659,2.509771273,2.506434295,2.506434295,2.506434295,2.499667644,2.33689725,2.33689725,2.33689725,2.335969578,2.269021185,2.108946691,2.088674203,2.061617905,2.03349701,1.88866461,2.440805058,2.396688565,2.369198683
0.065,2.800590343,4.001945259,3.895771306,3.806414603,3.524474649,3.329624373,3.839407994,3.075386691,2.791550017,2.260703654,2.502878513,2.988554879,2.189462312,2.289033677,2.006102305,2.401174338,1.809040363,1.599002673,1.479159274,1.655437496,1.571329201,1.523678455,1.826190497,1.780425727,1.931312183,2.003657066,1.829072082,2.071225265,2.045627875,1.922079222,1.830058122,1.703419197,2.143978283,2.713121593,2.600683031,3.009637424,2.918277441,2.859142894,2.77447138,2.453271603,2.588022002,2.809173929,2.809173929,2.757872938,2.757872938,2.711819304,2.711819304,2.711819304,2.582000472,2.511573329,2.428829169,2.599838919,3.102159885,3.01715722,3.000294443,3.272049499,3.23266967,3.23266967,3.074732631,2.693285623,2.693285623,2.693285623,2.586582491,2.518699352,2.499218422,2.423647911,2.401519356,2.396894125,2.393629256,2.393629256,2.393629256,2.387008828,2.227755781,2.227755781,2.227755781,2.226877837,2.1634903,2.011706713,1.992461734,1.966768894,1.940055546,1.802317956,2.342309022,2.30025114,2.274033758
0.066,2.745230527,3.783899624,3.663241973,3.590689626,3.29110061,3.081397471,3.49152254,2.813596079,2.510937134,2.046420765,2.284158189,2.796006067,2.00043933,2.147083191,1.832248463,2.190622226,1.659203978,1.468362927,1.358916123,1.523460695,1.446603625,1.402333826,1.682814977,1.641108874,1.78489032,1.898907723,1.732916111,1.966597037,1.941390797,1.782649835,1.697999282,1.57949078,1.989662627,2.558894281,2.453320401,2.840273224,2.752545528,2.694909581,2.57991515,2.280533668,2.401790518,2.66640636,2.66640636,2.618161885,2.618161885,2.574826359,2.574826359,2.574826359,2.452538089,2.386143246,2.303389619,2.472742561,2.978357528,2.896919276,2.880806211,3.125634233,3.088474916,3.088474916,2.939284248,2.577906803,2.577906803,2.577906803,2.476549876,2.412006781,2.392898135,2.314980057,2.293319569,2.288792172,2.285596362,2.285596362,2.285596362,2.27911597,2.086186232,2.086186232,2.086186232,2.085378878,2.027043574,1.887000815,1.869208412,1.845442138,1.820716488,1.692978153,2.208800795,2.169832431,2.145523398
0.067,3.998745004,3.741979943,3.621367762,3.571136501,3.215328917,3.036993271,3.640655445,3.18658455,2.761668154,2.229400506,2.525625507,3.237359269,2.210226719,2.427889602,2.034545079,2.000871231,1.521807009,1.347820617,1.24756999,1.40154537,1.331107824,1.289859658,1.550631063,1.51250426,1.648111725,1.797723134,1.639856122,1.859725157,1.829805932,1.651399545,1.573455999,1.462429973,1.844520193,2.409314815,2.310273853,2.675682424,2.59148564,2.535350471,2.378700999,2.103359249,2.227716612,2.526973213,2.526973213,2.481661052,2.481661052,2.440935102,2.440935102,2.440935102,2.325886229,2.263371379,2.182543147,2.351259135,2.821706979,2.724160329,2.709293635,2.985832614,2.950736154,2.950736154,2.809683744,2.467061374,2.467061374,2.467061374,2.370720457,2.309315573,2.29056525,2.210814101,2.189602289,2.185168673,2.182039061,2.182039061,2.182039061,2.175692904,1.948491841,1.948491841,1.948491841,1.947751393,1.894209249,1.76534144,1.748935181,1.7270086,1.704182501,1.586023157,2.077502846,2.041507844,2.019037095
0.068,3.689393561,3.477376458,3.383314005,3.370749644,2.968271029,2.823240245,3.385668838,2.858963844,2.485258498,2.020026545,2.305785599,3.017730693,2.02062026,2.215015916,1.85827091,1.828983936,1.395362116,1.236248622,1.144168643,1.288583186,1.223853839,1.185317583,1.428377586,1.39342211,1.521568769,1.699924372,1.541151254,1.719379711,1.690986326,1.5263286,1.454602015,1.350601394,1.706150808,2.2419059,2.150534693,2.488219637,2.408537941,2.354501837,2.194693282,1.940509932,2.067339932,2.394064714,2.394064714,2.351467488,2.351467488,2.313159818,2.313159818,2.313159818,2.204830497,2.145922532,2.063949866,2.210585913,2.609274845,2.521674121,2.508303453,2.852206426,2.819029301,2.819029301,2.685560404,2.3604873,2.3604873,2.3604873,2.268857909,2.210404773,2.191999581,2.110875964,2.090094617,2.085750975,2.082684875,2.082684875,2.082684875,2.076467505,1.821402131,1.821402131,1.821402131,1.820720876,1.771424083,1.652490846,1.637320563,1.617035653,1.595906191,1.486327142,1.955654861,1.922315037,1.901487608
0.069,3.650984167,3.45132402,3.365309024,3.288903891,2.904310172,2.787118738,3.340518354,2.983875993,2.704544625,2.270852982,2.40212251,3.11888127,1.848766196,2.023127235,1.696357867,1.672551138,1.278609985,1.132681556,1.047891056,1.183622833,1.123989855,1.087897082,1.314976009,1.282842554,1.404153935,1.57421845,1.425899419,1.588485881,1.561496886,1.409237441,1.343126035,1.245542827,1.576821809,2.072903762,1.989241307,2.298065221,2.223119931,2.171395901,2.025775435,1.74697831,1.873819467,2.209714253,2.209714253,2.171327347,2.171327347,2.136766759,2.136766759,2.136766759,2.038831976,1.985473696,1.90536896,2.049847885,2.417199939,2.338143116,2.326060323,2.724355333,2.692966619,2.692966619,2.566574201,2.257942356,2.257942356,2.257942356,2.170743296,2.115069399,2.096996862,2.014913371,1.994545365,1.990288118,1.987283003,1.987283003,1.987283003,1.981189296,1.703737433,1.703737433,1.703737433,1.703108791,1.657589281,1.547525756,1.533462027,1.514647958,1.495039877,1.393175369,1.842272061,1.811312753,1.791960115
0.07,3.614656742,3.433587477,3.347493928,3.095918093,2.746209153,2.710953498,3.236344969,2.895636842,2.655634829,2.185519715,2.39447491,3.094486503,2.286970144,2.536855823,2.123497162,1.689253425,1.307484828,1.164824869,1.081622508,1.217508368,1.158966815,1.123679848,1.349782459,1.318290158,1.440620996,1.610979362,1.465607599,1.625277639,1.599170561,1.450301208,1.38533933,1.289871034,1.621388942,2.114477707,2.033078429,2.341558819,2.269397606,2.219795912,2.077972435,1.848688009,1.97411154,2.356368273,2.356368273,2.316104612,2.316104612,2.279856891,2.279856891,2.279856891,2.177154388,2.12123052,2.045537994,2.211921824,2.702171295,2.657230639,2.653342849,2.822401519,2.790862267,2.790862267,2.663749779,2.352590717,2.352590717,2.352590717,2.264479373,2.208177205,2.190425511,2.102728452,2.082757666,2.078583445,2.075636935,2.075636935,2.075636935,2.069662069,1.925937888,1.925937888,1.925937888,1.925219623,1.87326001,1.748026892,1.732065678,1.71072764,1.688506634,1.573355532,2.07979977,2.044337605,2.02219288
0.071,3.399312196,3.250382202,3.152030226,2.857007843,2.531335037,2.551340046,3.050171884,2.607772933,2.409806939,1.993363083,2.264331566,2.934728142,2.102077148,2.326786537,1.948707213,1.553553791,1.203955908,1.072257467,0.995179519,1.123559307,1.069304849,1.036093749,1.248519153,1.219388149,1.335728447,1.496728295,1.362245824,1.508873527,1.483958196,1.34546624,1.285230386,1.195226625,1.505955319,1.965682352,1.890602211,2.175132276,2.106885148,2.059238488,1.928977215,1.715200514,1.842094309,2.235772397,2.235772397,2.197842875,2.197842875,2.163678468,2.163678468,2.163678468,2.066785903,2.01399045,1.940001822,2.105622026,2.574901515,2.531900953,2.528100619,2.699689741,2.669830674,2.669830674,2.54937959,2.253779537,2.253779537,2.253779537,2.169880647,2.11622537,2.098803365,2.012975105,1.993386342,1.989291969,1.986401824,1.986401824,1.986401824,1.980541251,1.83956638,1.83956638,1.83956638,1.838882649,1.789404171,1.67001278,1.654782041,1.634415581,1.613200307,1.503162026,1.999767053,1.965803501,1.944587895
0.072,3.158208412,3.063573053,2.848781661,2.607010261,2.306475955,2.342061807,2.797750169,2.352393023,2.188440029,1.817901616,2.136634868,2.77767833,1.933864792,2.136768377,1.789588822,1.428605065,1.107544683,0.985686174,0.914134157,1.035626049,0.98524207,0.953921005,1.153869614,1.126864696,1.237663516,1.390082353,1.265405422,1.400326276,1.376504041,1.247368359,1.191398878,1.10637619,1.398158986,1.827757978,1.758312602,2.021406088,1.956697652,1.910857756,1.790862225,1.59100356,1.719052531,2.118050188,2.118050188,2.082360503,2.082360503,2.050196539,2.050196539,2.050196539,1.958889323,1.909103668,1.836827599,2.001523908,2.450051376,2.408941918,2.405230036,2.578972121,2.55074141,2.55074141,2.43675339,2.156294398,2.156294398,2.156294398,2.076505952,2.025435941,2.008350083,1.926591102,1.90737002,1.903352499,1.900516601,1.900516601,1.900516601,1.894766032,1.756437262,1.756437262,1.756437262,1.755786001,1.708641699,1.594755537,1.580214155,1.560764917,1.540499515,1.435296586,1.922394277,1.889850465,1.869515494
0.073,2.960125066,2.883172639,2.489697607,2.422865773,2.137676566,2.185348341,2.620620186,2.119161717,1.993102058,1.66105026,1.971790496,2.615956792,1.780173171,1.964061292,1.644124767,1.313178307,1.017541524,0.904546664,0.837996176,0.953148709,0.906269873,0.876674793,1.065206389,1.040122011,1.145780585,1.290306641,1.174488091,1.29886639,1.276049984,1.155378356,1.103272305,1.022803486,1.297266269,1.699555222,1.63515484,1.878979901,1.817484254,1.773319103,1.662477671,1.475159851,1.604100977,2.005801176,2.005801176,1.97218715,1.97218715,1.941878462,1.941878462,1.941878462,1.855758717,1.808772181,1.728086538,1.901932957,2.330920644,2.291576405,2.287948952,2.46364217,2.436926145,2.436926145,2.328958278,2.062656363,2.062656363,2.062656363,1.98672479,1.938083648,1.921321211,1.84339021,1.824523261,1.820579759,1.817796111,1.817796111,1.817796111,1.812151491,1.676371317,1.676371317,1.676371317,1.675750622,1.630804526,1.522111566,1.508221343,1.48963881,1.470271336,1.369645281,1.847551002,1.81635331,1.796853694
0.074,2.719729514,2.668024746,2.05030757,2.211366883,1.97631026,2.024271689,2.32079934,1.906414751,1.817089905,1.518213817,1.813563129,2.39435408,1.639199853,1.806402727,1.510629789,1.206225007,0.933328103,0.828343274,0.766332953,0.875634787,0.831939443,0.803924965,0.981978963,0.958634742,1.059512948,1.196757996,1.088966545,1.203821682,1.18193357,1.068943011,1.020345729,0.944051829,1.202634551,1.580081231,1.520214926,1.746651936,1.688084543,1.645476078,1.542830253,1.366854071,1.496467124,1.898652339,1.898652339,1.866964939,1.866964939,1.838379617,1.838379617,1.838379617,1.757085126,1.71270554,1.618297966,1.806562654,2.217125106,2.179431221,2.173891797,2.353347081,2.328042121,2.328042121,2.225689938,1.972642107,1.972642107,1.972642107,1.900333631,1.85397693,1.837525897,1.763199673,1.744674044,1.740801884,1.738068595,1.738068595,1.738068595,1.732526091,1.5992023,1.5992023,1.5992023,1.598610404,1.555736544,1.451947075,1.438672481,1.420909644,1.402391734,1.306101495,1.77511518,1.745194819,1.726488221
0.075,2.503740185,2.454046764,1.773038746,2.020601123,1.757753783,1.791167924,2.078278375,1.724956954,1.654939785,1.387594234,1.662107691,2.194750538,1.509428865,1.661907955,1.387685002,1.106845148,0.854363165,0.756638868,0.698761264,0.80264933,0.761853217,0.735290032,0.903702312,0.881939321,0.978361113,1.108871106,1.008374282,1.114602362,1.093573378,0.987573956,0.942172094,0.869715747,1.113698573,1.468473897,1.412696897,1.623384995,1.567496145,1.526338364,1.431057421,1.265373666,1.39547377,1.796263798,1.796263798,1.766367451,1.766367451,1.739385382,1.739385382,1.739385382,1.662585733,1.62063747,1.515054157,1.71515026,2.098334514,2.031226329,2.020951864,2.247764192,2.223775651,2.223775651,2.126669086,1.886045265,1.886045265,1.886045265,1.817144031,1.772938202,1.756787215,1.685859016,1.667662576,1.663859222,1.661174501,1.661174501,1.661174501,1.655730485,1.523355717,1.523355717,1.523355717,1.522791826,1.481933804,1.382919907,1.370245437,1.35328184,1.335592527,1.243534787,1.70337533,1.674711496,1.656785235
0.076,2.472797512,2.309505397,1.715890906,1.995127119,1.722146179,1.767457107,2.043089805,1.710990156,1.650828946,1.39483341,1.669183965,2.189891977,1.531691458,1.684635125,1.4169129,1.142740263,0.893717981,0.796781232,0.739224102,0.844396557,0.803814262,0.77759795,0.947348835,0.92572274,1.023899581,1.156135766,1.056264754,1.16227556,1.141772169,1.036840724,0.991642616,0.920116524,1.167489934,1.525479511,1.470379994,1.685081631,1.630701645,1.59089902,1.496561883,1.333242043,1.46034804,1.883691787,1.883691787,1.853523675,1.853523675,1.826284291,1.826284291,1.826284291,1.748689647,1.706286172,1.585903445,1.80091575,2.204458591,2.168452531,2.165056791,2.342054188,2.317881758,2.317881758,2.219954433,1.97676783,1.97676783,1.97676783,1.906993569,1.862194915,1.846333224,1.774379706,1.756500961,1.752764011,1.750126163,1.750126163,1.750126163,1.744777194,1.616108852,1.616108852,1.616108852,1.615533904,1.573863329,1.472787632,1.459839753,1.442506854,1.424428328,1.33027725,1.801443936,1.772171161,1.753859443
0.077,2.202515741,1.9082767,1.478912782,1.716250206,1.491954397,1.550577654,1.792096267,1.540863087,1.51089522,1.277753795,1.536360842,2.019683922,1.415806767,1.556230219,1.308156263,1.053612541,0.821950495,0.731287029,0.677325587,0.777670569,0.739612821,0.714669603,0.875891586,0.855637561,0.949797227,1.076030887,0.982490512,1.081034993,1.061285314,0.96242508,0.92001134,0.851857873,1.08630146,1.424445576,1.372850854,1.573865558,1.521797219,1.483263354,1.395218619,1.240789154,1.368248072,1.788286012,1.788286012,1.75973005,1.75973005,1.733935387,1.733935387,1.733935387,1.660399333,1.620195413,1.491458915,1.715422265,2.10297567,2.068368498,2.065043554,2.243465604,2.220483441,2.220483441,2.12730839,1.895438371,1.895438371,1.895438371,1.828783057,1.785956781,1.770374205,1.701542626,1.683970673,1.680297847,1.677705264,1.677705264,1.677705264,1.672448081,1.545987635,1.545987635,1.545987635,1.545437697,1.50556873,1.408772365,1.39636339,1.379748598,1.362415042,1.27207711,1.735110497,1.706964836,1.6893536
0.078,2.131772945,2.08408125,1.563460747,1.465375184,1.272643442,1.342253244,1.553682938,1.338359641,1.332806868,1.130964584,1.366633623,1.841018521,1.304246678,1.437251448,1.207083803,0.970190032,0.754273421,0.669344975,0.618682319,0.714528715,0.678788023,0.655022256,0.808336762,0.789339666,0.879730295,1.000370623,0.912630086,1.004354505,0.985307431,0.892018709,0.852160591,0.787129543,1.009594953,1.329466149,1.281063242,1.469555564,1.419621255,1.382277762,1.29994595,1.153659406,1.281348935,1.696854011,1.696854011,1.669803867,1.669803867,1.64535949,1.64535949,1.64535949,1.575621114,1.537477425,1.402182341,1.633268875,2.005663986,1.972372465,1.969115426,2.148835402,2.12696856,2.12696856,2.038251497,1.817030242,1.817030242,1.817030242,1.753318306,1.712355343,1.697042228,1.631163084,1.613887572,1.610276707,1.607727861,1.607727861,1.607727861,1.602559368,1.478232322,1.478232322,1.478232322,1.477706048,1.439542432,1.34680244,1.334904867,1.318971742,1.302345598,1.215632578,1.670781806,1.64370922,1.626765142
0.079,1.87845746,1.797189722,1.354436151,1.279105676,1.109513258,1.186039594,1.375485844,1.186543696,1.208388925,1.024931081,1.244474469,1.682894412,1.192474446,1.326981234,1.112851347,0.891889595,0.690299994,0.610629167,0.563000855,0.654644003,0.621035466,0.598361367,0.744324662,0.726482122,0.813327446,0.928741396,0.846328719,0.931806385,0.913415795,0.82525397,0.787747678,0.725614458,0.937009245,1.240012834,1.194524649,1.371527758,1.323568879,1.287344417,1.210214284,1.071405929,1.199222196,1.608482784,1.608482784,1.582858108,1.582858108,1.559692677,1.559692677,1.559692677,1.493554989,1.457366114,1.317660836,1.55426359,1.912271544,1.880218978,1.877027125,2.057929878,2.037109396,2.037109396,1.952579151,1.741388819,1.741388819,1.741388819,1.680457215,1.64125614,1.626203326,1.563118768,1.54612986,1.5425789,1.54007234,1.54007234,1.54007234,1.534989593,1.412725161,1.412725161,1.412725161,1.412221296,1.375673272,1.286781373,1.275369473,1.260083909,1.24413001,1.160865397,1.608368334,1.582318066,1.566009832
0.08,1.645290156,1.535262308,1.169085891,1.111544954,0.96140415,1.045764293,1.223231992,1.05529806,1.078539125,0.913401096,1.118077228,1.542918655,1.095950519,1.224610803,1.024893166,0.818350521,0.629821639,0.554977448,0.510143531,0.597856579,0.566212323,0.544551661,0.683674627,0.666893942,0.750403104,0.860929828,0.783417585,0.86316682,0.845390677,0.761953208,0.726613715,0.667173329,0.868220957,1.155616982,1.112797333,1.279231202,1.233105611,1.197935066,1.125553887,0.993630511,1.121485219,1.510183959,1.510183959,1.486235253,1.486235253,1.464573162,1.464573162,1.464573162,1.402665877,1.368767641,1.237524358,1.478228861,1.822566244,1.791681849,1.788552625,1.970533368,1.950695693,1.950695693,1.870102007,1.668370203,1.668370203,1.668370203,1.610067324,1.572533702,1.557732487,1.497295347,1.48058369,1.477090679,1.474625025,1.474625025,1.474625025,1.469625226,1.349356086,1.349356086,1.349356086,1.34887346,1.313857237,1.228618653,1.217668333,1.202998376,1.187683762,1.107701894,1.547785806,1.522710141,1.507008296
0.081,1.522744473,1.485088439,1.232313205,1.2157427,1.050898131,1.138946764,1.344835899,1.164509042,1.194161907,1.00973681,1.250273674,1.751650751,1.294236194,1.463403814,1.223265115,0.977427607,0.754734136,0.667552996,0.615657352,0.719176019,0.682281395,0.657789729,0.822929137,0.803100504,0.904428169,1.039883042,0.946327821,1.044534223,1.024485299,0.925302879,0.882926666,0.814363044,1.063497731,1.432227825,1.378337937,1.608282898,1.553217768,1.512605654,1.418999893,1.255856925,1.398537583,1.654521309,1.654521309,1.628924994,1.628924994,1.605777145,1.605777145,1.605777145,1.539647511,1.503467731,1.442261193,1.602180287,1.971089567,1.939218559,1.9360801,2.119299118,2.098407901,2.098407901,2.013542362,1.801176387,1.801176387,1.801176387,1.739815697,1.700317247,1.68547884,1.650077113,1.633033073,1.629470589,1.626955895,1.626955895,1.626955895,1.621856654,1.499195447,1.499195447,1.499195447,1.498671831,1.460693014,1.368336732,1.356481676,1.340603099,1.324030956,1.23755122,1.487683164,1.463569953,1.448467079
0.082,1.337374278,1.28972245,1.067626339,1.062692296,0.915376103,1.02008386,1.209069851,1.046664732,1.075857511,0.908170862,1.133386087,1.607078952,1.194207242,1.350501279,1.127406575,0.898346407,0.690583506,0.608841716,0.560075009,0.658924852,0.624252212,0.600898335,0.757930955,0.739324242,0.836438176,0.965717471,0.877968812,0.969358928,0.950024581,0.856431639,0.816609811,0.751180792,0.987376205,1.335597521,1.285107953,1.500209425,1.447482677,1.408172438,1.32081438,1.166524222,1.309100571,1.573756034,1.573756034,1.54941008,1.54941008,1.527385227,1.527385227,1.527385227,1.464423181,1.42996574,1.369908466,1.529165223,1.884853712,1.854092927,1.851013561,2.035281347,2.015326947,2.015326947,1.934216058,1.730886682,1.730886682,1.730886682,1.672041291,1.634139217,1.619539366,1.585138156,1.568366324,1.564860737,1.562386204,1.562386204,1.562386204,1.557368402,1.436666207,1.436666207,1.436666207,1.436163843,1.399717538,1.311014111,1.299620354,1.28435693,1.268423503,1.185221979,1.428539031,1.405364097,1.390845313
0.083,1.245085472,1.203374488,0.991346871,0.992005045,0.849556649,0.959936472,1.151783091,0.994047104,1.025282281,0.861526482,1.093215513,1.577660866,1.160588219,1.242345904,1.036845034,0.824115768,0.629948743,0.553196671,0.507309731,0.60180172,0.56917434,0.546875875,0.696377056,0.67889268,0.772056866,0.895581425,0.813162363,0.89831509,0.879648149,0.791194766,0.753721753,0.691200346,0.915400359,1.244739396,1.197347922,1.398884293,1.348315984,1.310226747,1.228538899,1.082356135,1.224732947,1.496031121,1.496031121,1.472860671,1.472860671,1.451892142,1.451892142,1.451892142,1.391912502,1.359077989,1.300127669,1.458740398,1.801823848,1.772113636,1.769091179,1.954319866,1.935248695,1.935248695,1.857680992,1.662901668,1.662901668,1.662901668,1.606441987,1.570055405,1.555686562,1.522240859,1.505732678,1.502282198,1.499846565,1.499846565,1.499846565,1.494907642,1.376102867,1.376102867,1.376102867,1.375620688,1.340630492,1.255402147,1.244447681,1.229770219,1.214445387,1.134370578,1.371218106,1.348935664,1.334972673
0.084,1.133966898,1.135582801,0.952897093,0.961000882,0.858518186,0.967552753,1.183416664,1.084806094,1.118602936,0.955567893,1.192158386,1.678267616,1.26738668,1.352929193,1.149323833,0.935918261,0.73773537,0.658896343,0.611625623,0.71728915,0.696354889,0.673553983,0.83300775,0.814597882,0.914702592,1.046919501,0.960174361,1.051270596,1.032814553,0.940973278,0.901491793,0.837651317,1.079594502,1.433025765,1.383729626,1.605284708,1.555211023,1.518269222,1.432697373,1.282778464,1.419547086,1.717655927,1.717655927,1.692889975,1.692889975,1.670470242,1.670470242,1.670470242,1.606301039,1.571164036,1.513126995,1.670557723,2.043387701,2.012839446,2.009871832,1.876250886,1.858013248,1.858013248,1.783792388,1.597109822,1.597109822,1.597109822,1.542914729,1.507967953,1.493822921,1.46129043,1.445037739,1.44164066,1.439242722,1.439242722,1.439242722,1.434380237,1.31741415,1.31741415,1.31741415,1.316951158,1.283345487,1.201425392,1.190889535,1.176770593,1.162026031,1.084935284,1.315637364,1.294204463,1.280770709
0.085,0.957984836,1.001737193,0.837241577,0.846067125,0.752705398,0.862204005,1.059414119,0.970835555,1.020675978,0.870666128,1.097936602,1.551952728,1.174568334,1.256391494,1.067291812,0.867680581,0.681393843,0.606983074,0.562284177,0.663636443,0.643846982,0.622016822,0.774451961,0.757074237,0.853463118,0.980302607,0.898453533,0.983813093,0.965960353,0.878830178,0.841514177,0.780347717,1.011085471,1.347048723,1.30056386,1.509582599,1.461436317,1.42557484,1.345146782,1.202596162,1.339257846,1.642880869,1.642880869,1.619229309,1.619229309,1.59781165,1.59781165,1.59781165,1.536475103,1.502881382,1.445877219,1.602712334,1.963465583,1.933909267,1.930994541,1.800922118,1.783471868,1.783471868,1.712415313,1.533406702,1.533406702,1.533406702,1.481362871,1.447785004,1.433856918,1.402197853,1.386192864,1.382847559,1.380486167,1.380486167,1.380486167,1.37569779,1.260514347,1.260514347,1.260514347,1.260069604,1.227781323,1.149012766,1.138876069,1.125289829,1.111098877,1.036857757,1.261718745,1.241095056,1.228165591
0.086,0.731997527,0.808211769,0.670045025,0.677806985,0.60651173,0.719746736,0.892714524,0.816373142,0.888000338,0.754061358,0.960625801,1.367786921,1.055250345,1.130935774,0.958545224,0.803227713,0.627873359,0.557556846,0.515242343,0.612548841,0.59382029,0.572895826,0.718770593,0.702347366,0.795234335,0.917032365,0.839708324,0.919780553,0.90249443,0.819725862,0.784414408,0.725742877,0.946025751,1.265785155,1.22188287,1.419344555,1.372990463,1.33814792,1.262429671,1.126679542,1.263162884,1.570770224,1.570770224,1.548170273,1.548170273,1.527698679,1.527698679,1.527698679,1.469038772,1.436904327,1.380896965,1.537152183,1.886357789,1.857743191,1.854879502,1.728191778,1.71148601,1.71148601,1.643423855,1.471694396,1.471694396,1.471694396,1.421695684,1.389420252,1.375702559,1.344879459,1.329114736,1.32581965,1.323493707,1.323493707,1.323493707,1.318777212,1.205322891,1.205322891,1.205322891,1.204895519,1.173861607,1.098097255,1.088341406,1.075263557,1.061601102,0.990082816,1.209388791,1.18953641,1.177087775
0.087,0.692474596,0.860255211,0.71380917,0.584629072,0.523258731,0.636169451,0.799861056,0.730116986,0.800759199,0.677396588,0.873293231,1.258694287,0.970395514,1.042687205,0.884633469,0.738575122,0.573953251,0.507677851,0.467722503,0.560882612,0.546103002,0.526024975,0.665757066,0.650218142,0.73979955,0.856862763,0.783728613,0.858918595,0.842165565,0.763442755,0.72999021,0.673650532,0.884161239,1.188857795,1.147333414,1.334115612,1.289431783,1.255551873,1.184156524,1.054697023,1.190941905,1.501184075,1.501184075,1.479577428,1.479577428,1.459999852,1.459999852,1.459999852,1.403871443,1.373118036,1.318073253,1.473763721,1.811918239,1.784198521,1.781384112,1.6579277,1.641926473,1.641926473,1.576700378,1.411881015,1.411881015,1.411881015,1.363827915,1.33279253,1.319278966,1.289256528,1.273724963,1.270478611,1.268187069,1.268187069,1.268187069,1.26354033,1.151763983,1.151763983,1.151763983,1.151353157,1.1215144,1.048615615,1.039223365,1.026630995,1.01347336,0.944558232,1.158578308,1.13946158,1.127471699
0.088,0.698848528,0.689930134,0.600930185,0.485614935,0.442994777,0.554891421,0.708473582,0.645094085,0.711538505,0.606167201,0.797040789,1.167060964,0.898695038,0.96831427,0.81915161,0.681020117,0.525636636,0.46286157,0.424955581,0.514556221,0.500538811,0.481253117,0.61522413,0.600505905,0.686962377,0.799571327,0.730323608,0.80099742,0.784746777,0.70978357,0.678057831,0.623901173,0.825262193,1.115928594,1.076598396,1.253489951,1.210366099,1.177397059,1.109978583,0.986350525,1.122306416,1.433992134,1.433992134,1.413324576,1.413324576,1.394592592,1.394592592,1.394592592,1.340860494,1.311415175,1.25730048,1.4124408,1.740010788,1.713142216,1.710375418,1.590006528,1.574672618,1.574672618,1.512134856,1.353880241,1.353880241,1.353880241,1.307679371,1.277825427,1.264510008,1.23525493,1.219949727,1.216750688,1.214492544,1.214492544,1.214492544,1.209913528,1.098471237,1.098471237,1.098471237,1.098076888,1.0694286,0.999385617,0.990355873,0.978247573,0.965593354,0.899275101,1.107939543,1.089557192,1.078025339
0.089,0.72183223,0.726498746,0.649127882,0.54723395,0.520181584,0.636677165,0.796281723,0.731844011,0.802406084,0.695833004,0.895372476,1.277712705,1.006385252,1.086930773,0.934913086,0.793253189,0.631349249,0.565721919,0.526032744,0.621124493,0.60645181,0.586809196,0.728628646,0.713233948,0.805344328,0.924938335,0.8525316,0.927565346,0.911487605,0.834080637,0.80088869,0.745804261,0.961108544,1.27052636,1.229837769,1.422224108,1.379498384,1.347392519,1.277221959,1.151005802,1.282786876,1.623053775,1.623053775,1.601154394,1.601154394,1.581300515,1.581300515,1.581300515,1.524321604,1.493092471,1.439755371,1.593919787,1.946263139,1.918763523,1.916042754,1.794715597,1.778439476,1.778439476,1.71202626,1.543729338,1.543729338,1.543729338,1.494533,1.462728114,1.449605112,1.419671702,1.404586358,1.401433273,1.399207567,1.399207567,1.399207567,1.394694328,1.272012937,1.272012937,1.272012937,1.271596236,1.241314022,1.167192428,1.157628216,1.144800121,1.131389845,1.061045539,1.279946008,1.260529084,1.248344126
0.09,0.573975024,0.596408365,0.528266991,0.451343686,0.427324541,0.541053705,0.689191359,0.631736249,0.700124761,0.606465407,0.816713712,1.191436134,0.937717181,1.015451547,0.871529222,0.737166879,0.583890257,0.521562602,0.483813599,0.575470501,0.561518846,0.542620728,0.678913472,0.66429279,0.75336781,0.868668504,0.799923733,0.870691514,0.855075808,0.781199422,0.749639653,0.696605735,0.903884643,1.201469424,1.162790698,1.345974185,1.304660408,1.273373673,1.206845745,1.085977676,1.217534766,1.558686017,1.558686017,1.537676384,1.537676384,1.518624103,1.518624103,1.518624103,1.463919055,1.433932384,1.37399203,1.535118964,1.877352318,1.850656982,1.847980735,1.729565785,1.7139241,1.7139241,1.650069157,1.48803555,1.48803555,1.48803555,1.440610519,1.409936399,1.397000333,1.367798625,1.352926912,1.34981848,1.347624293,1.347624293,1.347624293,1.343174969,1.211035987,1.211035987,1.211035987,1.210639985,1.181852885,1.1113148,1.102205105,1.089983805,1.077204395,1.010111206,1.221550631,1.203063774,1.191458763
0.091,0.61339799,0.634978777,0.563335469,0.482201266,0.456922014,0.575144382,0.738662769,0.677403379,0.752197148,0.658379303,0.876671619,1.292183947,1.02797646,1.122337359,0.963805872,0.816488384,0.648445307,0.580562686,0.539574821,0.640662099,0.625426444,0.605133696,0.756234815,0.740124836,0.836762863,0.966514547,0.890156801,0.969651182,0.952956966,0.871615116,0.836678739,0.779219561,1.013988068,1.362493169,1.31833214,1.539536088,1.493784251,1.459808536,1.382540926,1.245690677,1.386821075,1.805834387,1.805834387,1.780446824,1.780446824,1.757461502,1.757461502,1.757461502,1.69165843,1.655726103,1.576357971,1.772626621,2.202162424,2.17672946,2.173725652,2.035925425,2.016445724,2.016445724,1.937200676,1.738097911,1.738097911,1.738097911,1.680355187,1.643134613,1.628841748,1.595099103,1.578677647,1.575245294,1.572822456,1.572822456,1.572822456,1.56790948,1.402449539,1.402449539,1.402449539,1.401980387,1.367916352,1.284785385,1.274084158,1.259740159,1.24475635,1.1663445,1.412165595,1.390329163,1.376637919
0.092,0.515389821,0.545209773,0.479725218,0.406338242,0.383399913,0.499497684,0.653201426,0.597428551,0.67835419,0.59152734,0.799605032,1.194371284,0.952947463,1.043132469,0.894005167,0.755110378,0.596933203,0.53279956,0.494009282,0.59091256,0.581689873,0.562151716,0.707505878,0.692188073,0.787938031,0.913624529,0.840746451,0.916168209,0.899899654,0.821899734,0.788512062,0.732972525,0.959342462,1.294820574,1.252639918,1.464519609,1.42010871,1.386879028,1.313245218,1.181627413,1.322939909,1.743744977,1.743744977,1.719228644,1.719228644,1.6970273,1.6970273,1.6970273,1.633443316,1.598721924,1.508834736,1.716026094,2.132412486,2.101500155,2.098546249,1.964162096,1.945451968,1.945451968,1.869297103,1.677671019,1.677671019,1.677671019,1.622019594,1.586128667,1.572039759,1.539137338,1.522948722,1.519565036,1.517176551,1.517176551,1.517176551,1.512333236,1.337133119,1.337133119,1.337133119,1.336687581,1.304327013,1.22526146,1.215074092,1.201415479,1.187143478,1.112387334,1.349641123,1.32886319,1.315831131
0.093,0.598786942,0.622208547,0.558033712,0.484800752,0.46553149,0.56826128,0.72346357,0.651975365,0.735268858,0.649634855,0.858726497,1.261469779,0.994195277,1.095221531,0.94556337,0.808540428,0.668226688,0.602644047,0.562921111,0.663431966,0.653991117,0.634336777,0.784705597,0.769040474,0.869945634,1.000632399,0.925955424,1.003972145,0.987897909,0.908609162,0.874375775,0.818446613,1.054603032,1.402870012,1.359971692,1.583018408,1.539109436,1.506643688,1.43147358,1.298676425,1.259804089,1.680387772,1.680387772,1.656771552,1.656771552,1.635380202,1.635380202,1.635380202,1.574089051,1.540617321,1.440959628,1.654417141,2.058725391,2.028729516,2.02582388,1.894708482,1.876728966,1.876728966,1.803510164,1.619003741,1.619003741,1.619003741,1.565347916,1.530726765,1.516836074,1.484740346,1.468778059,1.46544168,1.463086588,1.463086588,1.463086588,1.458310986,1.274853075,1.274853075,1.274853075,1.274429488,1.24365322,1.168375116,1.15866713,1.145648153,1.132040727,1.060702355,1.28997114,1.270179127,1.257761364
0.094,0.531679733,0.559858543,0.500984693,0.465244628,0.44683807,0.557225969,0.714161567,0.664248551,0.748382192,0.674865812,0.88978163,1.295471384,1.059271469,1.163860179,1.030369741,0.891427491,0.747604794,0.680216355,0.639348313,0.744077336,0.734366433,0.719295553,0.875766883,0.859650003,0.965225977,1.101579816,1.02478372,1.10580954,1.08992502,1.009079171,0.973853173,0.917406837,1.164628285,1.527526287,1.483781791,1.719209849,1.675801432,1.644136005,1.567203207,1.432975731,1.392771581,1.846711055,1.846711055,1.822034249,1.822034249,1.799676118,1.799676118,1.799676118,1.735582719,1.700575657,1.585412317,1.814148199,2.242187315,2.211666128,2.20880721,2.077029137,2.058218036,2.058218036,1.98157449,1.788165194,1.788165194,1.788165194,1.731846926,1.69549026,1.681792288,1.649117414,1.633375214,1.630084836,1.627762217,1.627762217,1.627762217,1.62305246,1.4197183,1.4197183,1.4197183,1.419277971,1.387275351,1.30891463,1.298800519,1.285233822,1.271050144,1.196627503,1.433699863,1.413131081,1.400221911
0.095,0.429312701,0.463957038,0.410886963,0.379115789,0.36384758,0.474356155,0.625051437,0.579975503,0.657102926,0.594748279,0.794602391,1.16278377,0.95119357,1.054457399,0.932679335,0.804996002,0.704800412,0.640395977,0.601286526,0.702766803,0.693477052,0.679055626,0.830260472,0.814859667,0.917427585,1.049538586,0.976186052,1.053188767,1.037728852,0.960194107,0.926504793,0.871974579,1.110499973,1.459821895,1.41806111,1.64362154,1.601572619,1.570669004,1.497401784,1.368487691,1.330222759,1.781921945,1.781921945,1.758189829,1.758189829,1.73668193,1.73668193,1.73668193,1.674995848,1.641299439,1.518452831,1.755172146,2.171711203,2.142053922,2.139240243,2.010541869,1.992422448,1.992422448,1.91856134,1.731918092,1.731918092,1.731918092,1.67750112,1.642355323,1.628844795,1.596937792,1.581409693,1.578164066,1.575873035,1.575873035,1.575873035,1.571227333,1.360452524,1.360452524,1.360452524,1.360032519,1.32949792,1.254655935,1.244988137,1.232017286,1.218453094,1.147222923,1.376846353,1.357192984,1.344854632
0.096,0.343685707,0.392286674,0.343300531,0.314317784,0.300369705,0.412758343,0.55328744,0.518523123,0.593731857,0.537600039,0.726212848,1.080759354,0.890080707,0.989350589,0.874703335,0.753346868,0.658339245,0.597128363,0.559904311,0.657677909,0.648841606,0.635119709,0.780359332,0.77188359,0.871587089,0.999673202,0.929549001,1.002788292,0.987731674,0.913305705,0.881058734,0.828338261,1.058645424,1.395191284,1.355281825,1.571599338,1.530831514,1.500653916,1.430798843,1.306860767,1.270405161,1.716519125,1.716519125,1.69374227,1.69374227,1.673094297,1.673094297,1.673094297,1.613843901,1.581472842,1.454385718,1.697958679,2.103442517,2.074610482,2.071840633,1.946095953,1.928635002,1.928635002,1.857424647,1.677240341,1.677240341,1.677240341,1.624641828,1.590654958,1.577326813,1.546158458,1.530838715,1.527636637,1.525376347,1.525376347,1.525376347,1.520792981,1.303762255,1.303762255,1.303762255,1.303361242,1.274199096,1.202651667,1.19340225,1.180990132,1.168007058,1.09977521,1.322422073,1.30362566,1.291821908
0.097,0.43589507,0.479272594,0.432264818,0.402141913,0.387633182,0.373138757,0.50965668,0.477200676,0.549674457,0.496746011,0.679222353,1.019148014,0.838611708,0.934798905,0.826214374,0.709986708,0.619197633,0.560592968,0.524911124,0.619781568,0.611314065,0.598161399,0.738726956,0.730613728,0.827586605,0.95185,0.884756264,0.954470492,0.93979739,0.868294087,0.837402611,0.786393455,1.008924315,1.333429774,1.295250789,1.502896695,1.463337951,1.433853041,1.367179465,1.247908683,1.213143719,1.642675581,1.642675581,1.621030718,1.621030718,1.601401611,1.601401611,1.601401611,1.545036205,1.514230452,1.393027532,1.642429946,2.037279148,2.009236011,2.006508648,1.883598798,1.866765144,1.866765144,1.798081821,1.624067165,1.624067165,1.624067165,1.57320888,1.540331841,1.52718122,1.496723791,1.481606886,1.478447205,1.476216842,1.476216842,1.476216842,1.471694162,1.249483177,1.249483177,1.249483177,1.249099939,1.221222734,1.15276418,1.143907475,1.132019973,1.119582726,1.054170356,1.270274586,1.252281518,1.240979136
0.098,0.351081283,0.397787105,0.354920879,0.327841429,0.31477793,0.30193252,0.431616688,0.405264092,0.476294818,0.430874747,0.602982309,0.915617724,0.781218009,0.878002714,0.774844027,0.663976393,0.581603267,0.525450521,0.491222151,0.583328996,0.575208909,0.562592681,0.698722726,0.690950451,0.785317529,0.905946045,0.841700561,0.90810889,0.893800907,0.82504878,0.795432718,0.746043678,0.961207636,1.274350467,1.237791406,1.437289278,1.398873318,1.37005001,1.306347562,1.191460992,1.158278014,1.572199922,1.572199922,1.551608875,1.551608875,1.53292879,1.53292879,1.53292879,1.479253318,1.449908372,1.334210019,1.588512613,1.973125185,1.945836742,1.943150581,1.822963328,1.806727686,1.806727686,1.740455053,1.572337304,1.572337304,1.572337304,1.523145314,1.491331663,1.478353899,1.448581079,1.433661711,1.430543318,1.4283421,1.4283421,1.4283421,1.423878519,1.197464663,1.197464663,1.197464663,1.197098082,1.170425533,1.10486681,1.096379189,1.084984883,1.073060954,1.010303043,1.220263949,1.203024971,1.192193408
0.099,0.418547382,0.460819989,0.430872708,0.403507691,0.390289225,0.380500527,0.530698212,0.503584022,0.578442809,0.535355586,0.717452361,1.04489042,0.905958591,1.013997344,0.907381326,0.801913681,0.715496161,0.655776261,0.619331466,0.71857177,0.709929069,0.696497424,0.844420668,0.836142894,0.938212578,1.068378217,0.999983631,1.071895102,1.057633291,0.985494363,0.953968646,0.903090705,1.136762369,1.475169197,1.436707329,1.656698134,1.618290734,1.590099989,1.52266537,1.403723829,1.368072577,1.817028572,1.817028572,1.79497647,1.79497647,1.774964112,1.774964112,1.774964112,1.717424385,1.685957831,1.56183732,1.84013931,2.262581764,2.234227986,2.2315818,2.109157407,2.09153672,2.09153672,2.019579574,1.836818868,1.836818868,1.836818868,1.783281776,1.748643438,1.735834047,1.704953366,1.690226439,1.68714827,1.684975445,1.684975445,1.684975445,1.680569438,1.574583847,1.574583847,1.574583847,1.574117755,1.540240301,1.457269382,1.446558205,1.4321899,1.417167271,1.338327689,1.594447995,1.572630898,1.558937318
0.1,0.427609379,0.469320061,0.44004778,0.413269336,0.400323857,0.390732966,0.54138704,0.514825174,0.590723502,0.549450774,0.754783682,1.102021185,0.960209915,1.072556464,0.963877757,0.85649497,0.767956483,0.706741277,0.669372286,0.772382719,0.764347811,0.750548776,0.904107891,0.895595009,1.002255873,1.138224103,1.067690438,1.142330392,1.128002613,1.054021694,1.021518971,0.969736789,1.214368476,1.569253664,1.52953538,1.763353565,1.724485261,1.696254396,1.626263376,1.504070879,1.466881967,1.941437149,1.941437149,1.918327283,1.918327283,1.89735615,1.89735615,1.89735615,1.837065837,1.804113238,1.674169106,1.977863109,2.433140861,2.403498846,2.400814516,2.274269384,2.255450745,2.255450745,2.178633004,1.983753973,1.983753973,1.983753973,1.926728563,1.889848138,1.876878076,1.844784895,1.829874328,1.826757775,1.824557855,1.824557855,1.824557855,1.820096907,1.712789711,1.712789711,1.712789711,1.712292475,1.676157425,1.587707375,1.576294044,1.560985707,1.544982513,1.461035013,1.732209927,1.708955323,1.694361934
